county,precinct,hd,sd
Washington,301,31,
Washington,302,35,18
Washington,303,36,18
Washington,304,36,18
Washington,305,31,
Washington,306,34,
Washington,307,30,
Washington,308,29,
Washington,309,30,
Washington,310,29,
Washington,311,31,
Washington,312,31,
Washington,313,30,
Washington,314,29,
Washington,315,30,
Washington,316,31,
Washington,317,30,
Washington,318,36,18
Washington,319,35,18
Washington,320,36,18
Washington,321,31,
Washington,322,36,18
Washington,323,,
Washington,324,31,
Washington,325,34,
Washington,326,31,
Washington,327,36,18
Washington,328,29,
Washington,329,30,
Washington,330,31,
Washington,331,34,
Washington,332,30,
Washington,333,30,
Washington,334,31,
Washington,335,29,
Washington,336,29,
Washington,337,29,
Washington,338,29,
Washington,339,29,
Washington,340,29,
Washington,341,29,
Washington,342,29,
Washington,343,30,
Washington,344,29,
Washington,345,29,
Washington,346,29,
Washington,347,29,
Washington,348,37,
Washington,349,27,14
Washington,350,27,14
Washington,351,35,18
Washington,352,35,18
Washington,353,27,14
Washington,354,27,14
Washington,355,35,18
Washington,356,35,18
Washington,357,35,18
Washington,358,34,
Washington,359,35,18
Washington,360,35,18
Washington,361,35,18
Washington,362,27,14
Washington,363,34,
Washington,364,34,
Washington,365,27,14
Washington,366,33,
Washington,367,34,
Washington,368,34,
Washington,369,30,
Washington,370,30,
Washington,371,34,
Washington,372,27,14
Washington,373,30,
Washington,374,30,
Washington,375,27,14
Washington,376,34,
Washington,377,34,
Washington,378,28,14
Washington,379,27,14
Washington,380,27,14
Washington,381,34,
Washington,382,35,18
Washington,383,27,14
Washington,384,28,14
Washington,385,27,14
Washington,386,28,14
Washington,387,34,
Washington,388,28,14
Washington,389,36,18
Washington,390,34,
Washington,391,28,14
Washington,392,28,14
Washington,393,28,14
Washington,394,37,
Washington,395,25,
Washington,396,37,
Washington,397,26,
Washington,398,36,18
Washington,399,25,
Washington,400,25,
Washington,401,28,14
Washington,402,25,
Washington,403,34,
Washington,404,25,
Washington,405,25,
Washington,406,27,14
Washington,407,33,
Washington,408,27,14
Washington,409,25,
Washington,410,25,
Washington,411,26,
Washington,412,36,18
Washington,413,26,
Washington,414,25,
Washington,415,26,
Washington,416,36,18
Washington,417,25,
Washington,418,36,18
Washington,419,26,
Washington,420,37,
Washington,421,25,
Washington,422,29,
Washington,423,37,
Washington,424,26,
Washington,425,26,
Washington,426,36,18
Washington,427,26,
Washington,428,37,
Washington,429,36,18
Washington,430,36,18
Washington,431,36,18
Washington,432,26,
Washington,433,37,
Washington,434,36,18
Washington,435,26,
Washington,436,37,
Washington,437,37,
Washington,438,37,
Washington,439,34,
Washington,440,36,18
Washington,441,25,
Washington,442,26,
Washington,443,31,
Multnomah,2801,28,
Multnomah,2802,28,
Multnomah,2803,28,
Multnomah,2804,28,
Multnomah,2805,28,
Multnomah,2806,28,
Multnomah,3101,31,
Multnomah,3301,33,
Multnomah,3302,33,
Multnomah,3303,33,
Multnomah,3304,33,
Multnomah,3305,33,
Multnomah,3306,33,
Multnomah,3307,33,
Multnomah,3308,33,
Multnomah,3401,34,
Multnomah,3402,34,
Multnomah,3801,38,
Multnomah,3802,38,
Multnomah,3803,38,
Multnomah,3804,38,
Multnomah,3805,38,
Multnomah,3806,38,
Multnomah,4101,41,
Multnomah,4102,41,
Multnomah,4103,41,
Multnomah,4104,41,
Multnomah,4105,41,
Multnomah,4201,42,
Multnomah,4202,42,
Multnomah,4203,42,
Multnomah,4204,42,
Multnomah,4205,42,
Multnomah,4206,42,
Multnomah,4207,42,
Multnomah,4208,42,
Multnomah,4301,43,22
Multnomah,4302,43,22
Multnomah,4303,43,22
Multnomah,4304,43,22
Multnomah,4305,43,22
Multnomah,4306,43,22
Multnomah,4307,43,22
Multnomah,4401,44,22
Multnomah,4402,44,22
Multnomah,4403,44,22
Multnomah,4404,44,22
Multnomah,4405,44,22
Multnomah,4406,44,22
Multnomah,4407,44,22
Multnomah,4501,45,
Multnomah,4502,45,
Multnomah,4503,45,
Multnomah,4504,45,
Multnomah,4505,45,
Multnomah,4506,45,
Multnomah,4507,45,
Multnomah,4508,45,
Multnomah,4509,45,
Multnomah,4601,46,
Multnomah,4602,46,
Multnomah,4603,46,
Multnomah,4604,46,
Multnomah,4605,46,
Multnomah,4606,46,
Multnomah,4607,46,
Multnomah,4608,46,
Multnomah,4701,47,
Multnomah,4702,47,
Multnomah,4703,47,
Multnomah,4704,47,
Multnomah,4705,47,
Multnomah,4706,47,
Multnomah,4707,47,
Multnomah,4708,47,
Multnomah,4709,47,
Multnomah,4710,47,
Multnomah,4801,48,
Multnomah,4802,48,
Multnomah,4803,48,
Multnomah,4804,48,
Multnomah,4805,48,
Multnomah,4806,48,
Multnomah,4807,48,
Multnomah,4808,48,
Multnomah,4809,48,
Multnomah,4901,49,25
Multnomah,4902,49,25
Multnomah,4903,49,25
Multnomah,4904,49,25
Multnomah,4905,49,25
Multnomah,4906,49,25
Multnomah,4907,49,25
Multnomah,4908,49,25
Multnomah,4909,49,25
Multnomah,4910,49,25
Multnomah,5001,50,25
Multnomah,5002,50,25
Multnomah,5003,50,25
Multnomah,5004,50,25
Multnomah,5005,50,25
Multnomah,5006,50,25
Multnomah,5007,50,25
Multnomah,5008,50,25
Multnomah,5009,50,25
Multnomah,5201,52,
Multnomah,5202,52,
Clackamas,100,39,
Clackamas,101,39,
Clackamas,102,48,
Clackamas,103,39,
Clackamas,104,48,
Clackamas,105,39,
Clackamas,106,51,
Clackamas,107,51,
Clackamas,108,51,
Clackamas,109,52,
Clackamas,111,18,9
Clackamas,112,48,
Clackamas,113,39,
Clackamas,114,39,
Clackamas,115/116,41,
Clackamas,122,51,
Clackamas,123,51,
Clackamas,124,51,
Clackamas,125,51,
Clackamas,127,18,9
Clackamas,131,37,
Clackamas,132,37,
Clackamas,133,37,
Clackamas,134,38,
Clackamas,135,37,
Clackamas,151,38,
Clackamas,152,38,
Clackamas,153,37,
Clackamas,154,37,
Clackamas,155,38,
Clackamas,156,38,
Clackamas,157,37,
Clackamas,158,38,
Clackamas,159,38,
Clackamas,160,37,
Clackamas,161,38,
Clackamas,162,38,
Clackamas,201,26,
Clackamas,202,26,
Clackamas,203,26,
Clackamas,204,26,
Clackamas,251,37,
Clackamas,279,37,
Clackamas,280,38,
Clackamas,281,37,
Clackamas,282,38,
Clackamas,283,38,
Clackamas,284,37,
Clackamas,285,37,
Clackamas,286,38,
Clackamas,320,38,
Clackamas,321,37,
Clackamas,322,37,
Clackamas,323,26,
Clackamas,324,37,
Clackamas,330,18,9
Clackamas,331,18,9
Clackamas,332,26,
Clackamas,350,18,9
Clackamas,355,57,
Clackamas,357,18,9
Clackamas,358,18,9
Clackamas,359,51,
Clackamas,360,51,
Clackamas,361,18,9
Clackamas,362,18,9
Clackamas,363,51,
Clackamas,364,52,
Clackamas,371,52,
Clackamas,372,51,
Clackamas,373,52,
Clackamas,374,52,
Clackamas,400,48,
Clackamas,403,51,
Clackamas,404,52,
Clackamas,405,48,
Clackamas,406,52,
Clackamas,410,39,
Clackamas,411,39,
Clackamas,412,48,
Clackamas,413,39,
Clackamas,414,39,
Clackamas,415,51,
Clackamas,416,39,
Clackamas,417,39,
Clackamas,418,51,
Clackamas,419,39,
Clackamas,420,41,
Clackamas,421,39,
Clackamas,422,39,
Clackamas,500,41,
Clackamas,501,41,
Clackamas,502,41,
Clackamas,503,40,
Clackamas,504,40,
Clackamas,506,40,
Clackamas,510,40,
Clackamas,511,51,
Clackamas,512,51,
Clackamas,513,40,
Clackamas,514,51,
Clackamas,515,18,9
Clackamas,516,51,
Clackamas,517,18,9
Clackamas,518,51,
Clackamas,600,40,
Clackamas,602,40,
Clackamas,604,40,
Clackamas,606,40,
Clackamas,608,40,
Clackamas,614,40,
Clackamas,616,40,
Clackamas,618,40,
Clackamas,620,40,
Clackamas,622,41,
Clackamas,626,41,
Clackamas,628,39,
Clackamas,630,41,
Marion,310,21,
Marion,311,19,
Marion,312,22,
Marion,313,20,
Marion,314,21,
Marion,320,21,
Marion,321,19,
Marion,322,19,
Marion,323,19,
Marion,324,17,9
Marion,325,17,9
Marion,326,20,
Marion,330,20,
Marion,331,19,
Marion,332,19,
Marion,333,17,9
Marion,340,19,
Marion,341,19,
Marion,342,19,
Marion,343,17,9
Marion,350,22,
Marion,351,17,9
Marion,352,22,
Marion,353,17,9
Marion,354,21,
Marion,355,21,
Marion,361,22,
Marion,362,21,
Marion,363,17,9
Marion,370,20,
Marion,371,20,
Marion,372,19,
Marion,401,21,
Marion,402,21,
Marion,403,21,
Marion,404,21,
Marion,405,21,
Marion,406,21,
Marion,505,18,9
Marion,515,18,9
Marion,525,18,9
Marion,535,18,9
Marion,545,22,
Marion,555,18,9
Marion,577,22,
Marion,579,18,9
Marion,580,18,9
Marion,581,18,9
Marion,582,22,
Marion,583,18,9
Marion,584,22,
Marion,586,18,9
Marion,587,18,9
Marion,588,22,
Marion,589,21,
Marion,590,18,9
Marion,591,18,9
Marion,592,21,
Marion,593,22,
Marion,594,22,
Marion,615,18,9
Marion,625,18,9
Marion,635,18,9
Marion,645,17,9
Marion,655,17,9
Marion,673,21,
Marion,674,17,9
Marion,676,18,9
Marion,677,17,9
Marion,678,17,9
Marion,679,17,9
Marion,680,17,9
Marion,681,18,9
Marion,682,17,9
Marion,683,18,9
Marion,684,18,9
Marion,686,17,9
Marion,687,17,9
Marion,688,17,9
Marion,689,17,9
Marion,690,22,
Marion,691,17,9
Marion,692,17,9
Marion,694,17,9
Marion,696,17,9
Marion,697,19,
Marion,698,18,9
Marion,699,22,
Marion,705,17,9
Marion,715,17,9
Marion,725,11,
Marion,779,15,
Marion,780,20,
Marion,781,17,9
Marion,782,15,
Marion,783,17,9
Marion,784,20,
Marion,786,17,9
Marion,787,17,9
Marion,788,15,
Marion,789,17,9
Marion,790,17,9
Marion,791,11,
Marion,792,19,
Marion,815,22,
Marion,825,22,
Marion,835,22,
Marion,837,18,9
Marion,845,22,
Marion,855,22,
Marion,865,22,
Marion,905,17,9
Marion,915,17,9
Marion,925,17,9
Marion,935,17,9
Marion,981,17,9
Marion,982,57,9
Marion,983,57,9
Marion,716,,
Yamhill,01,26,
Yamhill,02,23,12
Yamhill,03,23,12
Yamhill,04,23,12
Yamhill,05,23,12
Yamhill,07,23,12
Yamhill,09,24,12
Yamhill,10,23,12
Yamhill,11,31,
Yamhill,12,23,12
Yamhill,13,24,12
Yamhill,14,24,12
Yamhill,15,24,12
Yamhill,16,24,12
Yamhill,17,24,12
Yamhill,18,24,12
Yamhill,19,24,12
Yamhill,21,24,12
Yamhill,22,24,12
Yamhill,23,24,12
Yamhill,24,24,12
Yamhill,26,24,12
Yamhill,28,24,12
Polk,102,23,12
Polk,106,24,12
Polk,110,24,12
Polk,118,23,12
Polk,122,20,
Polk,134,20,
Polk,136,20,
Polk,140,20,
Polk,146,20,
Polk,152,23,12
Polk,154,23,12
Polk,156,23,12
Polk,162,23,12
Polk,166,23,12
Polk,178,20,
Polk,182,20,
Benton,03,16,
Benton,10,10,5
Benton,11,15,
Benton,02,16,
Benton,05,16,
Benton,14,10,5
Benton,19,10,5
Benton,17,15,
Benton,21,10,5
Benton,09,16,
Benton,04,16,
Benton,15,10,5
Benton,12,16,
Benton,16,16,
Benton,20,10,5
Benton,13,10,5
Benton,07,16,
Benton,18,16,
Benton,06,16,
Benton,01,16,
Benton,08,16,
Lane,1560,13,
Lane,1450,13,
Lane,1342,8,
Lane,2238,7,
Lane,1232,8,
Lane,2340,7,
Lane,755,12,
Lane,4700,12,
Lane,753,12,
Lane,4900,14,
Lane,709,9,5
Lane,1782,8,
Lane,743,12,
Lane,1122,8,
Lane,721,14,
Lane,4500,9,5
Lane,719,14,
Lane,1120,14,
Lane,1780,14,
Lane,1126,8,
Lane,4200,12,
Lane,1562,13,
Lane,1670,14,
Lane,723,8,
Lane,2122,7,
Lane,765,12,
Lane,4600,9,5
Lane,1672,14,
Lane,1892,14,
Lane,751,12,
Lane,1124,14,
Lane,2456,7,
Lane,731,13,
Lane,1452,13,
Lane,705,9,5
Lane,757,12,
Lane,4300,12,
Lane,1784,13,
Lane,1234,12,
Lane,1894,14,
Lane,707,9,5
Lane,1786,13,
Lane,727,14,
Lane,729,13,
Lane,711,9,5
Lane,759,12,
Lane,4800,12,
Lane,739,7,
Lane,1564,13,
Lane,2562,7,
Lane,747,12,
Lane,2676,7,
Lane,1454,8,
Lane,725,8,
Lane,713,10,5
Lane,1230,8,
Lane,733,13,
Lane,1890,14,
Lane,703,10,5
Lane,741,13,
Lane,717,14,
Lane,4400,12,
Lane,701,10,5
Lane,737,7,
Lane,715,12,
Lane,1340,8,
Baker,19,60,30
Baker,26,60,30
Baker,17,60,30
Baker,20,60,30
Baker,13,60,30
Baker,1,60,30
Baker,5,60,30
Baker,2,60,30
Baker,3,60,30
Baker,4,60,30
Baker,24,60,30
Baker,25,60,30
Baker,18,60,30
Baker,21,60,30
Baker,22,60,30
Baker,15,60,30
Baker,14,60,30
Clatsop,Clatsop Plains South,32,
Clatsop,Lewis & Clark / Cha*,32,
Clatsop,Astoria East,32,
Clatsop,Seaside South,32,
Clatsop,Astoria West,32,
Clatsop,Warrenton West,32,
Clatsop,Clatsop Plains North,32,
Clatsop,Westport,32,
Clatsop,Gearhart,32,
Clatsop,Svensen,32,
Clatsop,Stanley Acres,32,
Clatsop,Astoria South,32,
Clatsop,Jewell,32,
Clatsop,Seaside East,32,
Clatsop,Knappa,32,
Clatsop,John Day / Walluski,32,
Clatsop,Cannon Beach,32,
Clatsop,Arch Cape,32,
Clatsop,Hamlet,32,
Clatsop,Elsie,32,
Clatsop,Necanicum,32,
Clatsop,Seaside West,32,
Clatsop,Seaside North,32,
Clatsop,Olney,32,
Clatsop,Warrenton East,32,
Columbia,48 S DEER ISLAND,31,
Columbia,14 QUINCY,31,
Columbia,04 N CLATSKANIE-MARSHLAND,32,
Columbia,01 CITY OF CLATSKANIE,32,
Columbia,35 SE SCAPPOOSE,31,
Columbia,34 SCAPPOOSE FOUR,31,
Columbia,31 SCAPPOOSE ONE,31,
Columbia,36 CANYON,31,
Columbia,19 S WARREN,31,
Columbia,12 McNULTY,31,
Columbia,10 MILTON,31,
Columbia,39 SAUVIE ISLAND,31,
Columbia,26 ST HELENS SIX,31,
Columbia,21 ST HELENS ONE,31,
Columbia,47 CHAPMAN,31,
Columbia,41 CITY OF VERNONIA,31,
Columbia,53 CITY OF COLUMBIA CITY,31,
Columbia,49 N DEER ISLAND,31,
Columbia,08 GOBLE,31,
Columbia,50 PRESCOTT,31,
Columbia,40 YANKTON,31,
Columbia,18 E RAINIER,31,
Columbia,15 RAINIER,31,
Columbia,06 DELENA,31,
Columbia,17 W RAINIER,31,
Columbia,44 RURAL VERNONIA,31,
Columbia,32 SCAPPOOSE TWO,31,
Columbia,20 N WARREN,31,
Columbia,46 APIARY,31,
Columbia,24 ST HELENS FOUR,31,
Columbia,51 MIST,31,
Columbia,38 W SCAPPOOSE,31,
Columbia,05 S CLATSKANIE,31,
Coos,6,9,5
Coos,13,1,1
Coos,4,9,5
Coos,3,9,5
Coos,16,1,1
Coos,5,9,5
Coos,12,1,1
Coos,7,9,5
Coos,18,1,1
Coos,9,9,5
Coos,1,9,5
Coos,2,9,5
Coos,8,9,5
Coos,17,1,1
Coos,15,1,1
Coos,10,1,1
Coos,11,1,1
Coos,14,1,1
Crook,130004,59,30
Crook,130012,59,30
Crook,130016,59,30
Crook,130013,59,30
Crook,130011,59,30
Crook,130015,59,30
Crook,130007,59,30
Crook,130009,59,30
Crook,130002,59,30
Crook,130006,59,30
Crook,130010,59,30
Crook,130008,59,30
Crook,130001,59,30
Crook,130003,59,30
Crook,130005,59,30
Crook,130014,59,30
Crook,130017,59,30
Curry,2,1,1
Curry,3,1,1
Curry,4,1,1
Curry,5,1,1
Curry,1,1,1
Curry,8,1,1
Curry,9,1,1
Curry,20,1,1
Curry,12,1,1
Curry,27,1,1
Curry,13,1,1
Curry,19,1,1
Curry,26,1,1
Curry,6,1,1
Curry,7,1,1
Curry,11,1,1
Curry,10,1,1
Curry,17,1,1
Curry,15,1,1
Curry,21,1,1
Curry,16,1,1
Curry,22,1,1
Curry,24,1,1
Curry,18,1,1
Curry,14,1,1
Curry,23,1,1
Curry,25,1,1
Deschutes,38,55,28
Deschutes,39,55,28
Deschutes,36,53,27
Deschutes,37,53,27
Deschutes,1,53,27
Deschutes,2,54,27
Deschutes,30,53,27
Deschutes,5,54,27
Deschutes,31,53,27
Deschutes,6,53,27
Deschutes,18,59,30
Deschutes,19,53,27
Deschutes,3,54,27
Deschutes,4,54,27
Deschutes,50,55,28
Deschutes,23,55,28
Deschutes,24,55,28
Deschutes,21,55,28
Deschutes,22,53,27
Deschutes,27,54,27
Deschutes,28,59,30
Deschutes,25,54,27
Deschutes,26,53,27
Deschutes,45,53,27
Deschutes,9,54,27
Deschutes,46,54,27
Deschutes,20,53,27
Deschutes,43,55,28
Deschutes,7,53,27
Deschutes,44,54,27
Deschutes,8,54,27
Deschutes,49,53,27
Deschutes,47,54,27
Deschutes,48,59,30
Deschutes,41,59,30
Deschutes,42,55,28
Deschutes,40,55,28
Deschutes,12,53,27
Deschutes,13,53,27
Deschutes,10,60,30
Deschutes,11,53,27
Deschutes,16,55,28
Deschutes,17,53,27
Deschutes,29,59,30
Deschutes,14,53,27
Deschutes,15,59,30
Deschutes,34,54,27
Deschutes,35,53,27
Deschutes,32,54,27
Deschutes,33,54,27
Douglas,10,2,1
Douglas,27,4,2
Douglas,28,4,2
Douglas,15,2,1
Douglas,14,2,1
Douglas,11,2,1
Douglas,24,1,1
Douglas,09,2,1
Douglas,25,4,2
Douglas,07,2,1
Douglas,03,9,5
Douglas,23,1,1
Douglas,22,2,1
Douglas,08,1,1
Douglas,26,2,1
Douglas,18,2,1
Douglas,17,2,1
Douglas,29,1,1
Douglas,13,2,1
Douglas,06,2,1
Douglas,19,1,1
Douglas,20,2,1
Douglas,01,9,5
Douglas,12,1,1
Douglas,21,4,2
Douglas,05,2,1
Douglas,16,4,2
Douglas,04,2,1
Douglas,02,2,1
Gilliam,#1,57,29
Gilliam,#6,57,29
Gilliam,#7,57,29
Grant,Long Creek,60,30
Grant,North Fork,60,30
Grant,John Day,60,30
Grant,South Fork,60,30
Grant,Union,60,30
Harney,26,60,30
Harney,21,60,30
Harney,25,60,30
Hood River,10,52,
Hood River,11,52,
Hood River,12,52,
Hood River,13,52,
Hood River,6,52,
Hood River,7,52,
Hood River,8,52,
Hood River,9,52,
Hood River,1,52,
Hood River,5,52,
Hood River,2,52,
Hood River,3,52,
Hood River,4,52,
Jackson,27,56,28
Jackson,43,4,2
Jackson,24,56,28
Jackson,30,56,28
Jackson,23,4,2
Jackson,9,4,2
Jackson,10,5,
Jackson,46,5,
Jackson,31,56,28
Jackson,42,4,2
Jackson,7,4,2
Jackson,3,56,28
Jackson,28,56,28
Jackson,36,56,28
Jackson,37,5,
Jackson,26,5,
Jackson,34,56,28
Jackson,44,4,2
Jackson,2,5,
Jackson,39,5,
Jackson,13,6,
Jackson,6,4,2
Jackson,12,6,
Jackson,25,5,
Jackson,22,5,
Jackson,14,6,
Jackson,45,5,
Jackson,11,6,
Jackson,16,5,
Jackson,20,6,
Jackson,17,5,
Jackson,18,6,
Jackson,5,4,2
Jackson,48,56,28
Jackson,4,4,2
Jackson,21,6,
Jackson,32,5,
Jackson,41,4,2
Jackson,35,5,
Jackson,1,5,
Jackson,47,5,
Jackson,40,56,28
Jackson,38,56,28
Jackson,8,56,28
Jackson,49,6,
Jackson,29,5,
Jackson,50,6,
Jackson,19,6,
Jackson,33,4,2
Jackson,15,6,
Jefferson,Ashwood,59,30
Jefferson,East Madras,59,30
Jefferson,Round Butte,59,30
Jefferson,West Madras,59,30
Jefferson,Metolius,59,30
Jefferson,Circle M,59,30
Jefferson,Suttle Lake,59,30
Jefferson,Culver,59,30
Jefferson,Crooked River Ranch,59,30
Jefferson,Warm Springs,57,29
Jefferson,Agency Plains,57,29
Jefferson,Central,59,30
Jefferson,Lyle Gap,59,30
Jefferson,Sunset,59,30
Jefferson,Haystack,59,30
Jefferson,Camp Sherman,59,30
Jefferson,Kutcher,59,30
Josephine,24,3,2
Josephine,11,3,2
Josephine,26,3,2
Josephine,31,3,2
Josephine,16,3,2
Josephine,30,3,2
Josephine,4,3,2
Josephine,21,4,2
Josephine,18,3,2
Josephine,41,4,2
Josephine,47,3,2
Josephine,17,3,2
Josephine,33,3,2
Josephine,36,3,2
Josephine,14,3,2
Josephine,20,4,2
Josephine,7,3,2
Josephine,2,3,2
Josephine,13,3,2
Josephine,1,3,2
Josephine,34,3,2
Josephine,44,3,2
Josephine,19,3,2
Josephine,25,4,2
Josephine,28,3,2
Josephine,3,3,2
Josephine,23,4,2
Josephine,39,4,2
Josephine,35,4,2
Josephine,32,4,2
Josephine,22,4,2
Josephine,45,4,2
Josephine,42,4,2
Josephine,43,4,2
Josephine,46,3,2
Josephine,15,3,2
Josephine,12,3,2
Josephine,5,3,2
Josephine,8,3,2
Josephine,10,3,2
Josephine,9,3,2
Josephine,37,3,2
Josephine,38,3,2
Josephine,6,3,2
Josephine,29,3,2
Josephine,40,3,2
Josephine,27,4,2
Klamath,38,56,28
Klamath,39,56,28
Klamath,36,56,28
Klamath,37,56,28
Klamath,1,55,28
Klamath,2,55,28
Klamath,30,56,28
Klamath,5,55,28
Klamath,31,56,28
Klamath,6,55,28
Klamath,18,56,28
Klamath,19,55,28
Klamath,3,55,28
Klamath,4,55,28
Klamath,23,55,28
Klamath,24,55,28
Klamath,21,55,28
Klamath,22,56,28
Klamath,27,55,28
Klamath,28,55,28
Klamath,25,55,28
Klamath,26,55,28
Klamath,9,55,28
Klamath,20,55,28
Klamath,43,56,28
Klamath,7,56,28
Klamath,8,55,28
Klamath,41,56,28
Klamath,42,56,28
Klamath,40,56,28
Klamath,12,55,28
Klamath,13,55,28
Klamath,10,56,28
Klamath,11,56,28
Klamath,16,55,28
Klamath,17,55,28
Klamath,41A,56,28
Klamath,29,56,28
Klamath,14,55,28
Klamath,29A,56,28
Klamath,15,55,28
Klamath,34,56,28
Klamath,35,56,28
Klamath,32,56,28
Klamath,33,56,28
Lake,5,60,30
Lake,2,60,30
Lake,8,60,30
Lake,6,60,30
Lake,12,60,30
Lake,13,60,30
Lake,10,60,30
Lake,11,60,30
Lake,15,60,30
Lake,14,60,30
Lake,1,60,30
Lake,9,60,30
Lake,16,60,30
Lake,4,60,30
Lake,21,60,30
Lake,18,60,30
Lake,3,60,30
Lake,7,60,30
Lake,20,60,30
Lincoln,16,10,5
Lincoln,04,10,5
Lincoln,28,10,5
Lincoln,25,10,5
Lincoln,30,10,5
Lincoln,29,10,5
Lincoln,26,10,5
Lincoln,05,10,5
Lincoln,17,10,5
Lincoln,24,10,5
Lincoln,23,10,5
Lincoln,22,10,5
Lincoln,18,10,5
Lincoln,15,10,5
Lincoln,11,10,5
Lincoln,14,10,5
Lincoln,07,10,5
Lincoln,21,10,5
Lincoln,10,10,5
Lincoln,09,10,5
Lincoln,19,10,5
Lincoln,20,10,5
Lincoln,02,10,5
Lincoln,08,10,5
Lincoln,12,10,5
Lincoln,13,10,5
Lincoln,32,10,5
Lincoln,03,10,5
Lincoln,01,10,5
Lincoln,06,10,5
Lincoln,27,10,5
Lincoln,31,10,5
Linn,001,15,
Linn,002,15,
Linn,003,11,
Linn,004,11,
Linn,005,15,
Linn,006,11,
Linn,007,11,
Linn,008,15,
Linn,009,15,
Linn,010,15,
Linn,011,15,
Linn,012,15,
Linn,013,15,
Linn,014,15,
Linn,015,15,
Linn,016,15,
Linn,017,11,
Linn,018,15,
Linn,019,15,
Linn,020,11,
Linn,021,11,
Linn,022,11,
Linn,023,11,
Linn,024,12,
Linn,025,11,
Linn,026,11,
Linn,027,11,
Linn,028,11,
Linn,029,11,
Linn,030,11,
Linn,031,11,
Linn,032,11,
Linn,033,17,9
Linn,034,15,
Linn,035,11,
Linn,036,11,
Linn,037,11,
Linn,038,11,
Linn,039,11,
Linn,040,11,
Linn,041,11,
Linn,042,17,9
Linn,043,17,9
Linn,044,15,
Linn,045,11,
Linn,046,11,
Linn,047,11,
Linn,048,15,
Linn,049,17,9
Linn,050,11,
Linn,051,11,
Linn,052,11,
Linn,053,11,
Linn,054,11,
Linn,055,11,
Linn,056,17,9
Linn,057,11,
Linn,058,11,
Linn,059,11,
Linn,060,15,
Linn,061,15,
Linn,062,11,
Linn,063,15,
Linn,064,17,9
Linn,065,11,
Linn,066,11,
Linn,067,15,
Linn,068,11,
Linn,069,17,9
Linn,070,11,
Linn,071,11,
Linn,072,11,
Linn,073,11,
Linn,074,11,
Linn,075,11,
Linn,076,15,
Linn,077,11,
Linn,078,11,
Linn,079,11,
Linn,080,11,
Linn,081,15,
Linn,082,15,
Linn,083,17,9
Linn,084,11,
Linn,085,15,
Malheur,24 Annex/Huntington/Farewell Bend,60,30
Malheur,17 Ironside,60,30
Malheur,16 Brogan,60,30
Malheur,18 Harper,60,30
Malheur,19 Juntura,60,30
Malheur,11 Rural Adrian,60,30
Malheur,10 City of Adrian,60,30
Malheur,22 Arock,60,30
Malheur,21 Rural Jordan Valley,60,30
Malheur,20 City of Jordan Valley,60,30
Malheur,23 McDermitt,60,30
Malheur,5 Applegate,60,30
Malheur,9 Rural Nyssa,60,30
Malheur,12 Vale City Limits,60,30
Malheur,8 Nyssa City Limits,60,30
Malheur,15 Willowcreek,60,30
Malheur,14 North Rural Vale,60,30
Malheur,13 South Rural Vale,60,30
Malheur,2 Ontario,60,30
Malheur,1 Ontario,60,30
Malheur,4 Ontario,60,30
Malheur,3 Ontario,60,30
Malheur,7 Butte/Cairo,60,30
Malheur,6 Fair/Ontario Heights,60,30
Morrow,Heppner/Hardman,57,29
Morrow,Boardman,57,29
Morrow,Irrigon,57,29
Morrow,Ione,57,29
Morrow,Lexington,57,29
Sherman,1,57,29
Sherman,2,57,29
Sherman,3,57,29
Sherman,4,57,29
Sherman,5,57,29
Tillamook,TILLAMOOK #2,32,
Tillamook,CLOVERDALE,32,
Tillamook,TILLAMOOK #3,32,
Tillamook,TILLAMOOK #1,32,
Tillamook,NETARTS,32,
Tillamook,OCEANSIDE,32,
Tillamook,UNION,32,
Tillamook,SOUTH PRAIRIE EAST,32,
Tillamook,KILCHIS,32,
Tillamook,ROCKAWAY,32,
Tillamook,MAPLELEAF,32,
Tillamook,BAY,32,
Tillamook,GARIBALDI,32,
Tillamook,WHEELER,32,
Tillamook,TILLAMOOK #4,32,
Tillamook,TRASK,32,
Tillamook,SOUTH PRAIRIE WEST,32,
Tillamook,EASTSIDE,32,
Tillamook,TILLAMOOK #5,32,
Tillamook,TILLAMOOK #6,32,
Tillamook,WESTSIDE,32,
Tillamook,PINE GROVE,32,
Tillamook,BEAVER,32,
Tillamook,CARNAHAN,32,
Tillamook,FOLEY,32,
Tillamook,FAIRVIEW,32,
Tillamook,HEBO,32,
Tillamook,NESKOWIN,32,
Tillamook,NEHALEM,32,
Umatilla,126,58,29
Umatilla,103,58,29
Umatilla,114,58,29
Umatilla,129,58,29
Umatilla,105,58,29
Umatilla,128,58,29
Umatilla,101,58,29
Umatilla,113,58,29
Umatilla,102,58,29
Umatilla,110,58,29
Umatilla,141,58,29
Umatilla,133,58,29
Umatilla,143,58,29
Umatilla,137,58,29
Umatilla,138,58,29
Umatilla,139,58,29
Umatilla,136,58,29
Umatilla,106R,58,29
Umatilla,125R,58,29
Umatilla,123,58,29
Umatilla,116,58,29
Umatilla,119,58,29
Umatilla,121,58,29
Umatilla,112,58,29
Umatilla,124R,58,29
Umatilla,120,58,29
Umatilla,117R,58,29
Umatilla,111,58,29
Umatilla,125C,58,29
Umatilla,106C,58,29
Umatilla,104,58,29
Umatilla,130,58,29
Umatilla,124C,58,29
Umatilla,109C,58,29
Umatilla,108C,58,29
Umatilla,107C,58,29
Umatilla,117C,58,29
Umatilla,127,58,29
Umatilla,132,58,29
Umatilla,115,58,29
Umatilla,108R,58,29
Umatilla,107R,58,29
Umatilla,142,58,29
Umatilla,109R,58,29
Umatilla,131,58,29
Union,1,58,29
Union,2,58,29
Union,3,58,29
Union,4,58,29
Union,5,58,29
Union,6,58,29
Union,7,58,29
Union,8,58,29
Union,9,58,29
Union,10,58,29
Union,11,58,29
Union,12,58,29
Union,13,58,29
Union,14,58,29
Union,15,58,29
Union,16,58,29
Union,17,58,29
Union,18,58,29
Union,19,58,29
Wallowa,12,58,29
Wallowa,10,58,29
Wallowa,3,58,29
Wallowa,2,58,29
Wallowa,6,58,29
Wallowa,5,58,29
Wallowa,1,58,29
Wallowa,4,58,29
Wallowa,9,58,29
Wallowa,7,58,29
Wallowa,11,58,29
Wallowa,8,58,29
Wasco,02,52,
Wasco,03,52,
Wasco,04,52,
Wasco,05,52,
Wasco,07,57,29
Wasco,08,57,29
Wasco,09,57,29
Wasco,10,57,29
Wasco,11,57,29
Wasco,12,57,29
Wasco,01,52,
Wasco,06,52,
Wheeler,3,57,29
Wheeler,1,57,29
Wheeler,4,57,29
Washington,444,37,
Washington,445,29,
Washington,446,35,18
Washington,447,26,
Washington,448,26,
Washington,449,36,18
Washington,450,31,
Washington,451,30,
Washington,452,36,18
Washington,453,26,
Washington,454,26,
Washington,455,27,14
Washington,456,36,18
