county,precinct,hd,sd,pres_harris,pres_trump,pres_dem2p,house_dem,house_rep,house_dem2p,delta,has_metric,dem_name,undervote,sen_dem,sen_rep,sen_dem2p,sen_delta,sen_dem_name,sen_undervote
Washington,301,31,,679.0,974.0,41.08,516.0,1040.0,33.16,-7.91,True,Gutierrez,5.9,,,,,,
Washington,302,35,18,1484.0,943.0,61.15,1443.0,895.0,61.72,0.57,True,Chaichi,3.7,1418,948,59.93,-1.22,Campos,2.5
Washington,303,36,18,116.0,209.0,35.69,99.0,208.0,32.25,-3.44,True,Pham,5.5,104,205,33.66,-2.03,Campos,4.9
Washington,304,36,18,627.0,411.0,60.4,596.0,414.0,59.01,-1.39,True,Pham,2.7,560,449,55.5,-4.9,Campos,2.8
Washington,305,31,,380.0,527.0,41.9,286.0,559.0,33.85,-8.05,True,Gutierrez,6.8,,,,,,
Washington,306,34,,433.0,115.0,79.01,429.0,122.0,77.86,-1.16,True,Reynolds,-0.5,,,,,,
Washington,311,31,,291.0,359.0,44.77,248.0,366.0,40.39,-4.38,True,Gutierrez,5.5,,,,,,
Washington,312,31,,670.0,959.0,41.13,537.0,996.0,35.03,-6.1,True,Gutierrez,5.9,,,,,,
Washington,316,31,,704.0,933.0,43.01,520.0,1016.0,33.85,-9.15,True,Gutierrez,6.2,,,,,,
Washington,318,36,18,2324.0,1250.0,65.03,2214.0,1259.0,63.75,-1.28,True,Pham,2.8,2156,1343,61.62,-3.41,Campos,2.1
Washington,319,35,18,3335.0,1627.0,67.21,3143.0,1599.0,66.28,-0.93,True,Chaichi,4.4,3094,1710,64.4,-2.81,Campos,3.2
Washington,320,36,18,1121.0,549.0,67.13,1083.0,557.0,66.04,-1.09,True,Pham,1.8,1046,598,63.63,-3.5,Campos,1.6
Washington,321,31,,111.0,190.0,36.88,95.0,193.0,32.99,-3.89,True,Gutierrez,4.3,,,,,,
Washington,322,36,18,122.0,134.0,47.66,121.0,127.0,48.79,1.13,True,Pham,3.1,113,138,45.02,-2.64,Campos,2.0
Washington,324,31,,208.0,295.0,41.35,166.0,282.0,37.05,-4.3,True,Gutierrez,10.9,,,,,,
Washington,325,34,,114.0,36.0,76.0,103.0,36.0,74.1,-1.9,True,Reynolds,7.3,,,,,,
Washington,326,31,,661.0,1147.0,36.56,522.0,1189.0,30.51,-6.05,True,Gutierrez,5.4,,,,,,
Washington,327,36,18,3427.0,1624.0,67.85,3260.0,1605.0,67.01,-0.84,True,Pham,3.7,3124,1757,64.0,-3.85,Campos,3.4
Washington,330,31,,1071.0,976.0,52.32,848.0,1025.0,45.27,-7.05,True,Gutierrez,8.5,,,,,,
Washington,331,34,,1678.0,608.0,73.4,1597.0,602.0,72.62,-0.78,True,Reynolds,3.8,,,,,,
Washington,334,31,,53.0,80.0,39.85,42.0,80.0,34.43,-5.42,True,Gutierrez,8.3,,,,,,
Washington,348,37,,16.0,8.0,66.67,13.0,11.0,54.17,,False,Walters,0.0,,,,,,
Washington,349,27,,408.0,150.0,73.12,388.0,141.0,73.35,0.23,True,Helm,5.2,,,,,,
Washington,350,27,,4548.0,1520.0,74.95,4303.0,1501.0,74.14,-0.81,True,Helm,4.4,,,,,,
Washington,351,35,18,2062.0,953.0,68.39,1963.0,884.0,68.95,0.56,True,Chaichi,5.6,1924,964,66.62,-1.77,Campos,4.2
Washington,352,35,18,869.0,208.0,80.69,847.0,188.0,81.84,1.15,True,Chaichi,3.9,848,207,80.38,-0.31,Campos,2.0
Washington,353,27,,1705.0,424.0,80.08,1581.0,456.0,77.61,-2.47,True,Helm,4.3,,,,,,
Washington,354,27,,1286.0,464.0,73.49,1217.0,454.0,72.83,-0.66,True,Helm,4.5,,,,,,
Washington,355,35,18,992.0,309.0,76.25,916.0,338.0,73.05,-3.2,True,Chaichi,3.6,895,376,70.42,-5.83,Campos,2.3
Washington,356,35,18,1045.0,530.0,66.35,984.0,536.0,64.74,-1.61,True,Chaichi,3.5,953,579,62.21,-4.14,Campos,2.7
Washington,357,35,18,531.0,256.0,67.47,485.0,234.0,67.45,-0.02,True,Chaichi,8.6,487,237,67.27,-0.2,Campos,8.0
Washington,358,34,,1756.0,672.0,72.32,1644.0,685.0,70.59,-1.73,True,Reynolds,4.1,,,,,,
Washington,359,35,18,1663.0,551.0,75.11,1538.0,560.0,73.31,-1.81,True,Chaichi,5.2,1502,634,70.32,-4.79,Campos,3.5
Washington,360,35,18,1979.0,720.0,73.32,1903.0,710.0,72.83,-0.5,True,Chaichi,3.2,1838,805,69.54,-3.78,Campos,2.1
Washington,361,35,18,1558.0,412.0,79.09,1499.0,390.0,79.35,0.27,True,Chaichi,4.1,1456,446,76.55,-2.54,Campos,3.5
Washington,362,27,,4471.0,1537.0,74.42,4210.0,1609.0,72.35,-2.07,True,Helm,3.1,,,,,,
Washington,363,34,,2097.0,698.0,75.03,1977.0,709.0,73.6,-1.42,True,Reynolds,3.9,,,,,,
Washington,364,34,,3215.0,997.0,76.33,2948.0,1142.0,72.08,-4.25,True,Reynolds,2.9,,,,,,
Washington,365,27,,3510.0,915.0,79.32,3220.0,1045.0,75.5,-3.82,True,Helm,3.6,,,,,,
Washington,366,33,,1268.0,287.0,81.54,1146.0,319.0,78.23,-3.32,True,Jones-Isadore,5.8,,,,,,
Washington,367,34,,3030.0,1024.0,74.74,2821.0,1099.0,71.96,-2.78,True,Reynolds,3.3,,,,,,
Washington,368,34,,2639.0,980.0,72.92,2457.0,1016.0,70.75,-2.17,True,Reynolds,4.0,,,,,,
Washington,371,34,,1461.0,475.0,75.46,1351.0,536.0,71.6,-3.87,True,Reynolds,2.5,,,,,,
Washington,372,27,,1275.0,356.0,78.17,1186.0,391.0,75.21,-2.97,True,Helm,3.3,,,,,,
Washington,375,27,,206.0,52.0,79.84,194.0,60.0,76.38,-3.47,True,Helm,1.6,,,,,,
Washington,376,34,,1199.0,492.0,70.9,1115.0,508.0,68.7,-2.2,True,Reynolds,4.0,,,,,,
Washington,377,34,,1558.0,595.0,72.36,1439.0,637.0,69.32,-3.05,True,Reynolds,3.6,,,,,,
Washington,378,28,,743.0,176.0,80.85,679.0,169.0,80.07,-0.78,True,Grayber,7.7,,,,,,
Washington,379,27,,2705.0,975.0,73.51,2587.0,950.0,73.14,-0.36,True,Helm,3.9,,,,,,
Washington,380,27,,2083.0,815.0,71.88,1950.0,855.0,69.52,-2.36,True,Helm,3.2,,,,,,
Washington,381,34,,333.0,120.0,73.51,331.0,110.0,75.06,1.55,True,Reynolds,2.6,,,,,,
Washington,382,35,18,2394.0,1313.0,64.58,2287.0,1266.0,64.37,-0.21,True,Chaichi,4.2,2237,1356,62.26,-2.32,Campos,3.1
Washington,383,27,,1178.0,318.0,78.74,1101.0,330.0,76.94,-1.8,True,Helm,4.3,,,,,,
Washington,384,28,,3478.0,830.0,80.73,3302.0,847.0,79.59,-1.15,True,Grayber,3.7,,,,,,
Washington,385,27,,562.0,158.0,78.06,493.0,192.0,71.97,-6.08,True,Helm,4.9,,,,,,
Washington,386,28,,1495.0,366.0,80.33,1367.0,392.0,77.71,-2.62,True,Grayber,5.5,,,,,,
Washington,387,34,,12.0,9.0,57.14,11.0,10.0,52.38,,False,Reynolds,0.0,,,,,,
Washington,388,28,,181.0,61.0,74.79,175.0,61.0,74.15,-0.64,True,Grayber,2.5,,,,,,
Washington,389,36,18,5246.0,2026.0,72.14,4818.0,2177.0,68.88,-3.26,True,Pham,3.8,4584,2441,65.25,-6.89,Campos,3.4
Washington,390,34,,1432.0,584.0,71.03,1307.0,614.0,68.04,-2.99,True,Reynolds,4.7,,,,,,
Washington,391,28,,327.0,69.0,82.58,316.0,63.0,83.38,0.8,True,Grayber,4.3,,,,,,
Washington,392,28,,86.0,19.0,81.9,77.0,16.0,82.8,0.89,True,Grayber,11.4,,,,,,
Washington,393,28,,503.0,97.0,83.83,488.0,98.0,83.28,-0.56,True,Grayber,2.3,,,,,,
Washington,394,37,,164.0,67.0,71.0,145.0,77.0,65.32,-5.68,True,Walters,3.9,,,,,,
Washington,395,25,,3714.0,1433.0,72.16,3510.0,1471.0,70.47,-1.69,True,Bowman,3.2,,,,,,
Washington,396,37,,558.0,228.0,70.99,510.0,261.0,66.15,-4.84,True,Walters,1.9,,,,,,
Washington,397,26,,1773.0,1023.0,63.41,1599.0,1190.0,57.33,-6.08,True,Neron,0.3,,,,,,
Washington,398,36,18,1032.0,618.0,62.55,959.0,685.0,58.33,-4.21,True,Pham,0.4,896,748,54.5,-8.05,Campos,0.4
Washington,399,25,,1526.0,605.0,71.61,1429.0,604.0,70.29,-1.32,True,Bowman,4.6,,,,,,
Washington,400,25,,2400.0,954.0,71.56,2330.0,948.0,71.08,-0.48,True,Bowman,2.3,,,,,,
Washington,401,28,,1449.0,345.0,80.77,1378.0,361.0,79.24,-1.53,True,Grayber,3.1,,,,,,
Washington,402,25,,3973.0,2125.0,65.15,3756.0,2241.0,62.63,-2.52,True,Bowman,1.7,,,,,,
Washington,403,34,,904.0,395.0,69.59,830.0,411.0,66.88,-2.71,True,Reynolds,4.5,,,,,,
Washington,404,25,,3926.0,1688.0,69.93,3802.0,1704.0,69.05,-0.88,True,Bowman,1.9,,,,,,
Washington,405,25,,5037.0,2175.0,69.84,4707.0,2305.0,67.13,-2.71,True,Bowman,2.8,,,,,,
Washington,406,27,,1575.0,351.0,81.78,1488.0,373.0,79.96,-1.82,True,Helm,3.4,,,,,,
Washington,407,33,,637.0,191.0,76.93,531.0,236.0,69.23,-7.7,True,Jones-Isadore,7.4,,,,,,
Washington,408,27,,235.0,66.0,78.07,212.0,79.0,72.85,-5.22,True,Helm,3.3,,,,,,
Washington,409,25,,3006.0,1300.0,69.81,2859.0,1319.0,68.43,-1.38,True,Bowman,3.0,,,,,,
Washington,410,25,,810.0,433.0,65.16,790.0,420.0,65.29,0.12,True,Bowman,2.7,,,,,,
Washington,411,26,,866.0,359.0,70.69,807.0,395.0,67.14,-3.56,True,Neron,1.9,,,,,,
Washington,412,36,18,1102.0,556.0,66.47,1014.0,597.0,62.94,-3.52,True,Pham,2.8,952,658,59.13,-7.34,Campos,2.9
Washington,413,26,,949.0,427.0,68.97,869.0,495.0,63.71,-5.26,True,Neron,0.9,,,,,,
Washington,414,25,,331.0,177.0,65.16,309.0,173.0,64.11,-1.05,True,Bowman,5.1,,,,,,
Washington,415,26,,544.0,265.0,67.24,505.0,288.0,63.68,-3.56,True,Neron,2.0,,,,,,
Washington,416,36,18,564.0,239.0,70.24,534.0,237.0,69.26,-0.98,True,Pham,4.0,497,276,64.29,-5.95,Campos,3.7
Washington,417,25,,252.0,135.0,65.12,240.0,132.0,64.52,-0.6,True,Bowman,3.9,,,,,,
Washington,418,36,18,1990.0,868.0,69.63,1847.0,970.0,65.57,-4.06,True,Pham,1.4,1745,1075,61.88,-7.75,Campos,1.3
Washington,419,26,,1194.0,534.0,69.1,1062.0,607.0,63.63,-5.47,True,Neron,3.4,,,,,,
Washington,420,37,,1998.0,1058.0,65.38,1880.0,1162.0,61.8,-3.58,True,Walters,0.5,,,,,,
Washington,421,25,,322.0,132.0,70.93,308.0,143.0,68.29,-2.63,True,Bowman,0.7,,,,,,
Washington,423,37,,1985.0,906.0,68.66,1898.0,959.0,66.43,-2.23,True,Walters,1.2,,,,,,
Washington,424,26,,2566.0,1845.0,58.17,2302.0,2059.0,52.79,-5.39,True,Neron,1.1,,,,,,
Washington,425,26,,293.0,364.0,44.6,264.0,389.0,40.43,-4.17,True,Neron,0.6,,,,,,
Washington,426,36,18,191.0,224.0,46.02,162.0,244.0,39.9,-6.12,True,Pham,2.2,157,254,38.2,-7.82,Campos,1.0
Washington,427,26,,816.0,402.0,67.0,757.0,455.0,62.46,-4.54,True,Neron,0.5,,,,,,
Washington,428,37,,859.0,437.0,66.28,793.0,453.0,63.64,-2.64,True,Walters,3.9,,,,,,
Washington,429,36,18,1689.0,870.0,66.0,1594.0,884.0,64.33,-1.68,True,Pham,3.2,1545,949,61.95,-4.05,Campos,2.5
Washington,430,36,18,1039.0,1143.0,47.62,941.0,1197.0,44.01,-3.6,True,Pham,2.0,885,1243,41.59,-6.03,Campos,2.5
Washington,431,36,18,331.0,400.0,45.28,289.0,440.0,39.64,-5.64,True,Pham,0.3,263,474,35.69,-9.59,Campos,-0.8
Washington,432,26,,194.0,97.0,66.67,192.0,97.0,66.44,-0.23,True,Neron,0.7,,,,,,
Washington,433,37,,1312.0,761.0,63.29,1215.0,816.0,59.82,-3.47,True,Walters,2.0,,,,,,
Washington,434,36,18,2835.0,1372.0,67.39,2666.0,1425.0,65.17,-2.22,True,Pham,2.8,2592,1510,63.19,-4.2,Campos,2.5
Washington,435,26,,2393.0,1519.0,61.17,2195.0,1692.0,56.47,-4.7,True,Neron,0.6,,,,,,
Washington,436,37,,1302.0,824.0,61.24,1164.0,912.0,56.07,-5.17,True,Walters,2.4,,,,,,
Washington,437,37,,40.0,17.0,70.18,36.0,23.0,61.02,-9.16,True,Walters,-3.5,,,,,,
Washington,438,37,,186.0,292.0,38.91,172.0,296.0,36.75,-2.16,True,Walters,2.1,,,,,,
Washington,439,34,,1667.0,592.0,73.79,1600.0,598.0,72.79,-1.0,True,Reynolds,2.7,,,,,,
Washington,440,36,18,928.0,455.0,67.1,889.0,447.0,66.54,-0.56,True,Pham,3.4,868,474,64.68,-2.42,Campos,3.0
Washington,441,25,,52.0,12.0,81.25,56.0,13.0,81.16,-0.09,True,Bowman,-7.8,,,,,,
Washington,442,26,,1513.0,1042.0,59.22,1376.0,1167.0,54.11,-5.11,True,Neron,0.5,,,,,,
Washington,443,31,,0.0,11.0,0.0,1.0,0.0,100.0,,False,Gutierrez,90.9,,,,,,
Multnomah,2801,28,,6032,592,91.06,5739,674,89.49,-1.57,True,Grayber,3.2,,,,,,
Multnomah,2802,28,,839,151,84.75,771,193,79.98,-4.77,True,Grayber,2.6,,,,,,
Multnomah,2803,28,,2112,180,92.15,2085,177,92.18,0.03,True,Grayber,1.3,,,,,,
Multnomah,2804,28,,5378,687,88.67,5053,804,86.27,-2.4,True,Grayber,3.4,,,,,,
Multnomah,2805,28,,6549,898,87.94,6218,942,86.84,-1.1,True,Grayber,3.9,,,,,,
Multnomah,2806,28,,6749,747,90.03,6540,778,89.37,-0.66,True,Grayber,2.4,,,,,,
Multnomah,3101,31,,1208,570,67.94,936,675,58.1,-9.84,True,Gutierrez,9.4,,,,,,
Multnomah,3301,33,,835,217,79.37,729,265,73.34,-6.03,True,Jones-Isadore,5.5,,,,,,
Multnomah,3302,33,,6061,521,92.08,5476,688,88.84,-3.24,True,Jones-Isadore,6.4,,,,,,
Multnomah,3303,33,,5414,578,90.35,5028,576,89.72,-0.63,True,Jones-Isadore,6.5,,,,,,
Multnomah,3304,33,,6291,802,88.69,5556,1005,84.68,-4.01,True,Jones-Isadore,7.5,,,,,,
Multnomah,3305,33,,25,7,78.12,22,9,70.97,,False,Jones-Isadore,3.1,,,,,,
Multnomah,3306,33,,4704,497,90.44,4277,548,88.64,-1.8,True,Jones-Isadore,7.2,,,,,,
Multnomah,3307,33,,4217,360,92.13,3842,442,89.68,-2.45,True,Jones-Isadore,6.4,,,,,,
Multnomah,3308,33,,2638,300,89.79,2525,312,89.0,-0.79,True,Jones-Isadore,3.4,,,,,,
Multnomah,3401,34,,557,86,86.63,515,102,83.47,-3.16,True,Reynolds,4.0,,,,,,
Multnomah,3402,34,,113,21,84.33,97,36,72.93,-11.4,True,Reynolds,0.7,,,,,,
Multnomah,3801,38,,788,212,78.8,,,,,False,D. Nguyen (unopp.),,,,,,,
Multnomah,3802,38,,1397,365,79.28,,,,,False,D. Nguyen (unopp.),,,,,,,
Multnomah,3803,38,,6325,863,87.99,,,,,False,D. Nguyen (unopp.),,,,,,,
Multnomah,3804,38,,2431,456,84.21,,,,,False,D. Nguyen (unopp.),,,,,,,
Multnomah,3805,38,,5212,686,88.37,,,,,False,D. Nguyen (unopp.),,,,,,,
Multnomah,3806,38,,112,10,91.8,,,,,False,D. Nguyen (unopp.),,,,,,,
Multnomah,4101,41,,2494,225,91.72,2308,317,87.92,-3.8,True,Gamba,3.5,,,,,,
Multnomah,4102,41,,2524,249,91.02,2408,293,89.15,-1.87,True,Gamba,2.6,,,,,,
Multnomah,4103,41,,3052,303,90.97,2787,414,87.07,-3.9,True,Gamba,4.6,,,,,,
Multnomah,4104,41,,4361,471,90.25,4238,507,89.32,-0.93,True,Gamba,1.8,,,,,,
Multnomah,4105,41,,5715,450,92.7,5383,574,90.36,-2.34,True,Gamba,3.4,,,,,,
Multnomah,4201,42,,4500,254,94.66,,,,,False,Nosse (unopp.),,,,,,,
Multnomah,4202,42,,6888,318,95.59,,,,,False,Nosse (unopp.),,,,,,,
Multnomah,4203,42,,5947,431,93.24,,,,,False,Nosse (unopp.),,,,,,,
Multnomah,4204,42,,5956,332,94.72,,,,,False,Nosse (unopp.),,,,,,,
Multnomah,4205,42,,5908,303,95.12,,,,,False,Nosse (unopp.),,,,,,,
Multnomah,4206,42,,4426,298,93.69,,,,,False,Nosse (unopp.),,,,,,,
Multnomah,4207,42,,2934,190,93.92,,,,,False,Nosse (unopp.),,,,,,,
Multnomah,4208,42,,2778,198,93.35,,,,,False,Nosse (unopp.),,,,,,,
Multnomah,4301,43,22,3399,176,95.08,3296,257,92.77,-2.31,True,Sanchez,0.6,3313,243,93.17,-1.91,Frederick,0.5
Multnomah,4302,43,22,4745,240,95.19,4617,327,93.39,-1.8,True,Sanchez,0.8,4593,312,93.64,-1.55,Frederick,1.6
Multnomah,4303,43,22,6205,264,95.92,6066,387,94.0,-1.92,True,Sanchez,0.2,6085,344,94.65,-1.27,Frederick,0.6
Multnomah,4304,43,22,5807,275,95.48,5595,420,93.02,-2.46,True,Sanchez,1.1,5632,376,93.74,-1.74,Frederick,1.2
Multnomah,4305,43,22,6262,313,95.24,6005,492,92.43,-2.81,True,Sanchez,1.2,6013,450,93.04,-2.2,Frederick,1.7
Multnomah,4306,43,22,6063,342,94.66,5591,615,90.09,-4.57,True,Sanchez,3.1,5686,515,91.69,-2.97,Frederick,3.2
Multnomah,4307,43,22,6156,454,93.13,5914,580,91.07,-2.06,True,Sanchez,1.8,5960,565,91.34,-1.79,Frederick,1.3
Multnomah,4401,44,22,3581,444,88.97,,,,,False,Nelson (unopp.),,3464,541,86.49,-2.48,Frederick,0.5
Multnomah,4402,44,22,4714,637,88.1,,,,,False,Nelson (unopp.),,4567,662,87.34,-0.76,Frederick,2.3
Multnomah,4403,44,22,5747,670,89.56,,,,,False,Nelson (unopp.),,5505,756,87.93,-1.63,Frederick,2.4
Multnomah,4404,44,22,5681,460,92.51,,,,,False,Nelson (unopp.),,5416,555,90.71,-1.8,Frederick,2.8
Multnomah,4405,44,22,6556,423,93.94,,,,,False,Nelson (unopp.),,6441,518,92.56,-1.38,Frederick,0.3
Multnomah,4406,44,22,4404,939,82.43,,,,,False,Nelson (unopp.),,4166,991,80.78,-1.65,Frederick,3.5
Multnomah,4407,44,22,18,10,64.29,,,,,False,Nelson (unopp.),,18,10,,,Frederick,0.0
Multnomah,4501,45,,7514,578,92.86,,,,,False,Tran (unopp.),,,,,,,
Multnomah,4502,45,,6705,624,91.49,,,,,False,Tran (unopp.),,,,,,,
Multnomah,4503,45,,5763,970,85.59,,,,,False,Tran (unopp.),,,,,,,
Multnomah,4504,45,,418,84,83.27,,,,,False,Tran (unopp.),,,,,,,
Multnomah,4505,45,,1902,211,90.01,,,,,False,Tran (unopp.),,,,,,,
Multnomah,4506,45,,6085,767,88.81,,,,,False,Tran (unopp.),,,,,,,
Multnomah,4507,45,,214,67,76.16,,,,,False,Tran (unopp.),,,,,,,
Multnomah,4508,45,,3840,1367,73.75,,,,,False,Tran (unopp.),,,,,,,
Multnomah,4509,45,,570,224,71.79,,,,,False,Tran (unopp.),,,,,,,
Multnomah,4601,46,,5512,568,90.66,5073,507,90.91,0.25,True,Chotzen,8.2,,,,,,
Multnomah,4602,46,,4877,583,89.32,4559,482,90.44,1.12,True,Chotzen,7.7,,,,,,
Multnomah,4603,46,,3305,490,87.09,3122,397,88.72,1.63,True,Chotzen,7.3,,,,,,
Multnomah,4604,46,,4747,973,82.99,4468,787,85.02,2.03,True,Chotzen,8.1,,,,,,
Multnomah,4605,46,,3353,986,77.28,3087,804,79.34,2.06,True,Chotzen,10.3,,,,,,
Multnomah,4606,46,,3282,1041,75.92,3035,835,78.42,2.5,True,Chotzen,10.5,,,,,,
Multnomah,4607,46,,2386,731,76.55,2179,585,78.84,2.29,True,Chotzen,11.3,,,,,,
Multnomah,4608,46,,24,14,63.16,19,17,52.78,,False,Chotzen,5.3,,,,,,
Multnomah,4701,47,,28,32,46.67,,,,,False,Valderrama (unopp.),,,,,,,
Multnomah,4702,47,,1355,425,76.12,,,,,False,Valderrama (unopp.),,,,,,,
Multnomah,4703,47,,2822,1312,68.26,,,,,False,Valderrama (unopp.),,,,,,,
Multnomah,4704,47,,1814,1164,60.91,,,,,False,Valderrama (unopp.),,,,,,,
Multnomah,4705,47,,2072,812,71.84,,,,,False,Valderrama (unopp.),,,,,,,
Multnomah,4706,47,,1846,716,72.05,,,,,False,Valderrama (unopp.),,,,,,,
Multnomah,4707,47,,3405,1090,75.75,,,,,False,Valderrama (unopp.),,,,,,,
Multnomah,4708,47,,3081,1432,68.27,,,,,False,Valderrama (unopp.),,,,,,,
Multnomah,4709,47,,596,269,68.9,,,,,False,Valderrama (unopp.),,,,,,,
Multnomah,4710,47,,765,307,71.36,,,,,False,Valderrama (unopp.),,,,,,,
Multnomah,4801,48,,381,166,69.65,368,162,69.43,-0.22,True,H. Nguyen,3.1,,,,,,
Multnomah,4802,48,,2807,1297,68.4,2717,1319,67.32,-1.08,True,H. Nguyen,1.7,,,,,,
Multnomah,4803,48,,1495,970,60.65,1434,937,60.48,-0.17,True,H. Nguyen,3.8,,,,,,
Multnomah,4804,48,,2685,1643,62.04,2573,1666,60.7,-1.34,True,H. Nguyen,2.1,,,,,,
Multnomah,4805,48,,117,93,55.71,100,98,50.51,-5.2,True,H. Nguyen,5.7,,,,,,
Multnomah,4806,48,,2935,1807,61.89,2760,1864,59.69,-2.2,True,H. Nguyen,2.5,,,,,,
Multnomah,4807,48,,128,155,45.23,106,164,39.26,-5.97,True,H. Nguyen,4.6,,,,,,
Multnomah,4808,48,,912,760,54.55,832,769,51.97,-2.58,True,H. Nguyen,4.2,,,,,,
Multnomah,4809,48,,1,7,12.5,8,3,72.73,,False,H. Nguyen,-37.5,,,,,,
Multnomah,4901,49,25,41,28,59.42,44,33,57.14,-2.28,True,Hudson,-11.6,45,32,58.44,-0.98,Gorsek,-11.6
Multnomah,4902,49,25,150,101,59.76,136,113,54.62,-5.14,True,Hudson,0.8,141,112,55.73,-4.03,Gorsek,-0.8
Multnomah,4903,49,25,2433,1625,59.96,2218,1679,56.92,-3.04,True,Hudson,4.0,2283,1665,57.83,-2.13,Gorsek,2.7
Multnomah,4904,49,25,723,536,57.43,673,529,55.99,-1.44,True,Hudson,4.5,686,519,56.93,-0.5,Gorsek,4.3
Multnomah,4905,49,25,2983,2720,52.31,2759,2817,49.48,-2.83,True,Hudson,2.2,2864,2750,51.02,-1.29,Gorsek,1.6
Multnomah,4906,49,25,1115,943,54.18,1031,954,51.94,-2.24,True,Hudson,3.5,1063,927,53.42,-0.76,Gorsek,3.3
Multnomah,4907,49,25,1976,1387,58.76,1862,1386,57.33,-1.43,True,Hudson,3.4,1898,1385,57.81,-0.95,Gorsek,2.4
Multnomah,4908,49,25,2943,2071,58.7,2745,2086,56.82,-1.88,True,Hudson,3.6,2792,2061,57.53,-1.17,Gorsek,3.2
Multnomah,4909,49,25,2264,1221,64.96,2177,1166,65.12,0.16,True,Hudson,4.1,2178,1170,65.05,0.09,Gorsek,3.9
Multnomah,4910,49,25,144,86,62.61,139,75,64.95,2.34,True,Hudson,7.0,139,75,64.95,2.34,Gorsek,7.0
Multnomah,5001,50,25,45,45,50.0,44,46,48.89,-1.11,True,Ruiz,0.0,48,43,52.75,2.75,Gorsek,-1.1
Multnomah,5002,50,25,2549,1745,59.36,2507,1668,60.05,0.69,True,Ruiz,2.8,2484,1676,59.71,0.35,Gorsek,3.1
Multnomah,5003,50,25,196,130,60.12,199,130,60.49,0.37,True,Ruiz,-0.9,211,119,63.94,3.82,Gorsek,-1.2
Multnomah,5004,50,25,1690,1433,54.11,1544,1472,51.19,-2.92,True,Ruiz,3.4,1578,1425,52.55,-1.56,Gorsek,3.8
Multnomah,5005,50,25,3012,1986,60.26,2875,2003,58.94,-1.32,True,Ruiz,2.4,2873,1978,59.22,-1.04,Gorsek,2.9
Multnomah,5006,50,25,2753,2115,56.55,2580,2238,53.55,-3.0,True,Ruiz,1.0,2639,2183,54.73,-1.82,Gorsek,0.9
Multnomah,5007,50,25,2896,2367,55.03,2814,2286,55.18,0.15,True,Ruiz,3.1,2829,2270,55.48,0.45,Gorsek,3.1
Multnomah,5008,50,25,2503,2513,49.9,2382,2485,48.94,-0.96,True,Ruiz,3.0,2431,2425,50.06,0.16,Gorsek,3.2
Multnomah,5009,50,25,72,118,37.89,69,120,36.51,-1.38,True,Ruiz,0.5,71,121,36.98,-0.91,Gorsek,-1.1
Multnomah,5201,52,,981,1133,46.4,820,1221,40.18,-6.22,True,Walden Poublon,3.5,,,,,,
Multnomah,5202,52,,1908,2246,45.93,1636,2373,40.81,-5.12,True,Walden Poublon,3.5,,,,,,
Clackamas,100,39,,51,30,62.96,46,27,63.01,0.05,True,Dobson,9.9,,,,,,
Clackamas,101,39,,3242,2466,56.8,2871,2550,52.96,-3.84,True,Dobson,5.0,,,,,,
Clackamas,102,48,,598,681,46.76,537,654,45.09,-1.67,True,H. Nguyen,6.9,,,,,,
Clackamas,103,39,,1535,1168,56.79,1311,1289,50.42,-6.37,True,Dobson,3.8,,,,,,
Clackamas,104,48,,10,13,43.48,10,12,45.45,,False,H. Nguyen,4.3,,,,,,
Clackamas,105,39,,2231,1759,55.91,1900,1929,49.62,-6.29,True,Dobson,4.0,,,,,,
Clackamas,106,51,,975,1941,33.44,,,,,False,,,,,,,,
Clackamas,107,51,,740,1079,40.68,,,,,False,,,,,,,,
Clackamas,108,51,,1815,2562,41.47,,,,,False,,,,,,,,
Clackamas,109,52,,0,0,,0,0,,,False,Walden Poublon,,,,,,,
Clackamas,111,18,9,1403,3245,30.19,1194,3200,27.17,-3.02,True,Dow,5.5,1258,3140,28.6,-1.59,Ashland,5.4
Clackamas,112,48,,0,0,,0,0,,,False,H. Nguyen,,,,,,,
Clackamas,113,39,,38,15,71.7,26,24,52.0,-19.7,True,Dobson,5.7,,,,,,
Clackamas,114,39,,102,64,61.45,93,61,60.39,-1.06,True,Dobson,7.2,,,,,,
Clackamas,115/116,41,,194,54,78.23,163,73,69.07,-9.16,True,Gamba,4.8,,,,,,
Clackamas,122,51,,1498,1799,45.44,,,,,False,,,,,,,,
Clackamas,123,51,,856,1178,42.08,,,,,False,,,,,,,,
Clackamas,124,51,,1552,1863,45.45,,,,,False,,,,,,,,
Clackamas,125,51,,593,639,48.13,,,,,False,,,,,,,,
Clackamas,127,18,9,23,51,31.08,19,50,27.54,-3.54,True,Dow,6.8,21,51,29.17,-1.91,Ashland,2.7
Clackamas,131,37,,3750,2008,65.13,3429,2131,61.67,-3.46,True,Walters,3.4,,,,,,
Clackamas,132,37,,2812,1380,67.08,2555,1524,62.64,-4.44,True,Walters,2.7,,,,,,
Clackamas,133,37,,1278,494,72.12,1203,540,69.02,-3.1,True,Walters,1.6,,,,,,
Clackamas,134,38,,8,0,100.0,,,,,False,,,,,,,,
Clackamas,135,37,,3431,1398,71.05,3154,1617,66.11,-4.94,True,Walters,1.2,,,,,,
Clackamas,151,38,,1755,587,74.94,,,,,False,,,,,,,,
Clackamas,152,38,,3666,1351,73.07,,,,,False,,,,,,,,
Clackamas,153,37,,276,135,67.15,254,151,62.72,-4.43,True,Walters,1.5,,,,,,
Clackamas,154,37,,64,27,70.33,55,25,68.75,-1.58,True,Walters,12.1,,,,,,
Clackamas,155,38,,1928,640,75.08,,,,,False,,,,,,,,
Clackamas,156,38,,3226,1026,75.87,,,,,False,,,,,,,,
Clackamas,157,37,,57,32,64.04,53,34,60.92,-3.12,True,Walters,2.2,,,,,,
Clackamas,158,38,,3017,923,76.57,,,,,False,,,,,,,,
Clackamas,159,38,,1861,667,73.62,,,,,False,,,,,,,,
Clackamas,160,37,,1201,419,74.14,1047,466,69.2,-4.94,True,Walters,6.6,,,,,,
Clackamas,161,38,,389,125,75.68,,,,,False,,,,,,,,
Clackamas,162,38,,412,194,67.99,,,,,False,,,,,,,,
Clackamas,201,26,,2491,1396,64.09,2262,1594,58.66,-5.43,True,Neron,0.8,,,,,,
Clackamas,202,26,,2851,1672,63.03,2617,1784,59.46,-3.57,True,Neron,2.7,,,,,,
Clackamas,203,26,,1233,883,58.27,1098,986,52.69,-5.58,True,Neron,1.5,,,,,,
Clackamas,204,26,,1401,975,58.96,1266,1073,54.13,-4.83,True,Neron,1.6,,,,,,
Clackamas,251,37,,1235,641,65.83,1076,759,58.64,-7.19,True,Walters,2.2,,,,,,
Clackamas,279,37,,69,32,68.32,62,38,62.0,-6.32,True,Walters,1.0,,,,,,
Clackamas,280,38,,289,91,76.05,,,,,False,,,,,,,,
Clackamas,281,37,,790,290,73.15,705,335,67.79,-5.36,True,Walters,3.7,,,,,,
Clackamas,282,38,,278,104,72.77,,,,,False,,,,,,,,
Clackamas,283,38,,270,123,68.7,,,,,False,,,,,,,,
Clackamas,284,37,,212,63,77.09,191,72,72.62,-4.47,True,Walters,4.4,,,,,,
Clackamas,285,37,,8,7,53.33,8,8,50.0,,False,Walters,-6.7,,,,,,
Clackamas,286,38,,120,45,72.73,,,,,False,,,,,,,,
Clackamas,320,38,,65,24,73.03,,,,,False,,,,,,,,
Clackamas,321,37,,1417,1198,54.19,1205,1306,47.99,-6.2,True,Walters,4.0,,,,,,
Clackamas,322,37,,510,611,45.5,459,636,41.92,-3.58,True,Walters,2.3,,,,,,
Clackamas,323,26,,732,711,50.73,629,806,43.83,-6.9,True,Neron,0.6,,,,,,
Clackamas,324,37,,27,23,54.0,24,25,48.98,,False,Walters,2.0,,,,,,
Clackamas,330,18,9,1020,2702,27.4,827,2737,23.2,-4.2,True,Dow,4.2,858,2719,23.99,-3.41,Ashland,3.9
Clackamas,331,18,9,552,1167,32.11,437,1216,26.44,-5.67,True,Dow,3.8,438,1220,26.42,-5.69,Ashland,3.5
Clackamas,332,26,,251,313,44.5,233,332,41.24,-3.26,True,Neron,-0.2,,,,,,
Clackamas,350,18,9,799,2266,26.07,666,2246,22.87,-3.2,True,Dow,5.0,701,2223,23.97,-2.1,Ashland,4.6
Clackamas,355,57,,0,0,,,,,,False,,,,,,,,
Clackamas,357,18,9,55,87,38.73,39,101,27.86,-10.87,True,Dow,1.4,43,97,30.71,-8.02,Ashland,1.4
Clackamas,358,18,9,119,257,31.65,97,246,28.28,-3.37,True,Dow,8.8,93,245,27.51,-4.14,Ashland,10.1
Clackamas,359,51,,1030,1902,35.13,,,,,False,,,,,,,,
Clackamas,360,51,,406,741,35.4,,,,,False,,,,,,,,
Clackamas,361,18,9,2,9,18.18,4,7,36.36,,False,Dow,0.0,4,7,,,Ashland,0.0
Clackamas,362,18,9,226,540,29.5,211,521,28.83,-0.67,True,Dow,4.4,219,516,29.8,0.3,Ashland,4.0
Clackamas,363,51,,732,1408,34.21,,,,,False,,,,,,,,
Clackamas,364,52,,92,171,34.98,80,174,31.5,-3.48,True,Walden Poublon,3.4,,,,,,
Clackamas,371,52,,92,149,38.17,77,164,31.95,-6.22,True,Walden Poublon,0.0,,,,,,
Clackamas,372,51,,12,32,27.27,,,,,False,,,,,,,,
Clackamas,373,52,,1940,1785,52.08,1742,1872,48.2,-3.88,True,Walden Poublon,3.0,,,,,,
Clackamas,374,52,,0,0,,0,0,,,False,Walden Poublon,,,,,,,
Clackamas,400,48,,1628,2464,39.78,1441,2566,35.96,-3.82,True,H. Nguyen,2.1,,,,,,
Clackamas,403,51,,580,796,42.15,,,,,False,,,,,,,,
Clackamas,404,52,,1250,2483,33.49,1046,2539,29.18,-4.31,True,Walden Poublon,4.0,,,,,,
Clackamas,405,48,,833,1367,37.86,733,1422,34.01,-3.85,True,H. Nguyen,2.0,,,,,,
Clackamas,406,52,,264,674,28.14,214,688,23.73,-4.41,True,Walden Poublon,3.8,,,,,,
Clackamas,410,39,,1930,1385,58.22,1753,1404,55.53,-2.69,True,Dobson,4.8,,,,,,
Clackamas,411,39,,2294,1800,56.03,2024,1866,52.03,-4.0,True,Dobson,5.0,,,,,,
Clackamas,412,48,,912,1109,45.13,832,1137,42.25,-2.88,True,H. Nguyen,2.6,,,,,,
Clackamas,413,39,,115,91,55.83,106,89,54.36,-1.47,True,Dobson,5.3,,,,,,
Clackamas,414,39,,369,353,51.11,344,347,49.78,-1.33,True,Dobson,4.3,,,,,,
Clackamas,415,51,,219,212,50.81,,,,,False,,,,,,,,
Clackamas,416,39,,1439,1056,57.68,1265,1080,53.94,-3.74,True,Dobson,6.0,,,,,,
Clackamas,417,39,,560,625,47.26,513,630,44.88,-2.38,True,Dobson,3.5,,,,,,
Clackamas,418,51,,449,623,41.88,,,,,False,,,,,,,,
Clackamas,419,39,,1189,827,58.98,1068,878,54.88,-4.1,True,Dobson,3.5,,,,,,
Clackamas,420,41,,1088,528,67.33,1019,499,67.13,-0.2,True,Gamba,6.1,,,,,,
Clackamas,421,39,,1467,860,63.04,1367,823,62.42,-0.62,True,Dobson,5.9,,,,,,
Clackamas,422,39,,2602,1453,64.17,2500,1426,63.68,-0.49,True,Dobson,3.2,,,,,,
Clackamas,500,41,,815,381,68.14,774,351,68.8,0.66,True,Gamba,5.9,,,,,,
Clackamas,501,41,,2847,921,75.56,2708,879,75.49,-0.07,True,Gamba,4.8,,,,,,
Clackamas,502,41,,2862,1275,69.18,2639,1237,68.09,-1.09,True,Gamba,6.3,,,,,,
Clackamas,503,40,,2248,1246,64.34,2156,1309,62.22,-2.12,True,Hartman,0.8,,,,,,
Clackamas,504,40,,2814,1742,61.76,2696,1710,61.19,-0.57,True,Hartman,3.3,,,,,,
Clackamas,506,40,,1513,1268,54.4,1452,1230,54.14,-0.26,True,Hartman,3.6,,,,,,
Clackamas,510,40,,430,487,46.89,402,488,45.17,-1.72,True,Hartman,2.9,,,,,,
Clackamas,511,51,,830,1344,38.18,,,,,False,,,,,,,,
Clackamas,512,51,,903,1091,45.29,,,,,False,,,,,,,,
Clackamas,513,40,,75,71,51.37,69,77,47.26,-4.11,True,Hartman,0.0,,,,,,
Clackamas,514,51,,2152,3185,40.32,,,,,False,,,,,,,,
Clackamas,515,18,9,481,945,33.73,363,994,26.75,-6.98,True,Dow,4.8,389,975,28.52,-5.21,Ashland,4.3
Clackamas,516,51,,848,1188,41.65,,,,,False,,,,,,,,
Clackamas,517,18,9,572,1453,28.25,480,1436,25.05,-3.2,True,Dow,5.4,499,1428,25.9,-2.35,Ashland,4.8
Clackamas,518,51,,719,1483,32.65,,,,,False,,,,,,,,
Clackamas,600,40,,2758,1958,58.48,2673,1880,58.71,0.23,True,Hartman,3.5,,,,,,
Clackamas,602,40,,1972,1740,53.12,1909,1683,53.15,0.03,True,Hartman,3.2,,,,,,
Clackamas,604,40,,3242,3099,51.13,3038,3069,49.75,-1.38,True,Hartman,3.7,,,,,,
Clackamas,606,40,,1168,1004,53.78,1167,954,55.02,1.24,True,Hartman,2.3,,,,,,
Clackamas,608,40,,1437,1319,52.14,1337,1277,51.15,-0.99,True,Hartman,5.2,,,,,,
Clackamas,614,40,,1274,945,57.41,1247,893,58.27,0.86,True,Hartman,3.6,,,,,,
Clackamas,616,40,,2092,1470,58.73,2049,1383,59.7,0.97,True,Hartman,3.6,,,,,,
Clackamas,618,40,,347,196,63.9,326,207,61.16,-2.74,True,Hartman,1.8,,,,,,
Clackamas,620,40,,150,106,58.59,137,111,55.24,-3.35,True,Hartman,3.1,,,,,,
Clackamas,622,41,,1632,634,72.02,1541,620,71.31,-0.71,True,Gamba,4.6,,,,,,
Clackamas,626,41,,3062,935,76.61,2937,914,76.27,-0.34,True,Gamba,3.7,,,,,,
Clackamas,628,39,,546,325,62.69,525,330,61.4,-1.29,True,Dobson,1.8,,,,,,
Clackamas,630,41,,3690,1439,71.94,3481,1423,70.98,-0.96,True,Gamba,4.4,,,,,,
Marion,310,21,,2217.0,1051.0,67.84,2112.0,1135.0,65.04,-2.8,True,Appleton,0.6,,,,,,
Marion,311,19,,201.0,49.0,80.4,187.0,63.0,74.8,-5.6,True,Andersen,0.0,,,,,,
Marion,312,22,,218.0,115.0,65.47,211.0,124.0,62.99,-2.48,True,Munoz,-0.6,,,,,,
Marion,313,20,,0.0,0.0,,0.0,0.0,,,False,Evans,,,,,,,
Marion,314,21,,1900.0,840.0,69.34,1769.0,943.0,65.23,-4.11,True,Appleton,1.0,,,,,,
Marion,320,21,,232.0,186.0,55.5,218.0,192.0,53.17,-2.33,True,Appleton,1.9,,,,,,
Marion,321,19,,907.0,445.0,67.09,889.0,446.0,66.59,-0.5,True,Andersen,1.3,,,,,,
Marion,322,19,,1104.0,860.0,56.21,1025.0,862.0,54.32,-1.89,True,Andersen,3.9,,,,,,
Marion,323,19,,2214.0,836.0,72.59,2095.0,911.0,69.69,-2.9,True,Andersen,1.4,,,,,,
Marion,324,17,9,55.0,28.0,66.27,46.0,25.0,64.79,-1.48,True,Beem,14.5,48,25,65.75,-0.52,Ashland,12.0
Marion,325,17,9,0.0,0.0,,0.0,0.0,,,False,Beem,,0,0,,,Ashland,
Marion,326,20,,246.0,97.0,71.72,236.0,95.0,71.3,-0.42,True,Evans,3.5,,,,,,
Marion,330,20,,640.0,426.0,60.04,643.0,387.0,62.43,2.39,True,Evans,3.4,,,,,,
Marion,331,19,,1593.0,1235.0,56.33,1452.0,1320.0,52.38,-3.95,True,Andersen,2.0,,,,,,
Marion,332,19,,3113.0,1991.0,60.99,2866.0,2168.0,56.93,-4.06,True,Andersen,1.4,,,,,,
Marion,333,17,9,497.0,585.0,45.93,442.0,589.0,42.87,-3.06,True,Beem,4.7,448,581,43.54,-2.39,Ashland,4.9
Marion,340,19,,2139.0,1834.0,53.84,1895.0,1998.0,48.68,-5.16,True,Andersen,2.0,,,,,,
Marion,341,19,,754.0,547.0,57.96,666.0,605.0,52.4,-5.56,True,Andersen,2.3,,,,,,
Marion,342,19,,3064.0,2542.0,54.66,2761.0,2795.0,49.69,-4.97,True,Andersen,0.9,,,,,,
Marion,343,17,9,488.0,379.0,56.29,387.0,445.0,46.51,-9.78,True,Beem,4.0,403,445,47.52,-8.77,Ashland,2.2
Marion,350,22,,1478.0,1297.0,53.26,1474.0,1263.0,53.85,0.59,True,Munoz,1.4,,,,,,
Marion,351,17,9,500.0,432.0,53.65,390.0,486.0,44.52,-9.13,True,Beem,6.0,415,463,47.27,-6.38,Ashland,5.8
Marion,352,22,,1033.0,990.0,51.06,969.0,959.0,50.26,-0.8,True,Munoz,4.7,,,,,,
Marion,353,17,9,58.0,62.0,48.33,50.0,64.0,43.86,-4.47,True,Beem,5.0,56,60,48.28,-0.05,Ashland,3.3
Marion,354,21,,383.0,279.0,57.85,355.0,306.0,53.71,-4.14,True,Appleton,0.2,,,,,,
Marion,355,21,,15.0,32.0,31.91,22.0,28.0,44.0,,False,Appleton,-6.4,,,,,,
Marion,361,22,,1032.0,771.0,57.24,973.0,786.0,55.32,-1.92,True,Munoz,2.4,,,,,,
Marion,362,21,,1086.0,721.0,60.1,999.0,769.0,56.5,-3.6,True,Appleton,2.2,,,,,,
Marion,363,17,9,1551.0,1359.0,53.3,1314.0,1450.0,47.54,-5.76,True,Beem,5.0,1354,1396,49.24,-4.06,Ashland,5.5
Marion,370,20,,2799.0,1396.0,66.72,2627.0,1489.0,63.82,-2.9,True,Evans,1.9,,,,,,
Marion,371,20,,2424.0,1630.0,59.79,2411.0,1618.0,59.84,0.05,True,Evans,0.6,,,,,,
Marion,372,19,,2052.0,1569.0,56.67,1900.0,1668.0,53.25,-3.42,True,Andersen,1.5,,,,,,
Marion,401,21,,1047.0,1214.0,46.31,866.0,1366.0,38.8,-7.51,True,Appleton,1.3,,,,,,
Marion,402,21,,1870.0,2070.0,47.46,1588.0,2315.0,40.69,-6.77,True,Appleton,0.9,,,,,,
Marion,403,21,,1614.0,1921.0,45.66,1366.0,2136.0,39.01,-6.65,True,Appleton,0.9,,,,,,
Marion,404,21,,1407.0,1615.0,46.56,1265.0,1747.0,42.0,-4.56,True,Appleton,0.3,,,,,,
Marion,405,21,,2206.0,2308.0,48.87,2007.0,2409.0,45.45,-3.42,True,Appleton,2.2,,,,,,
Marion,406,21,,378.0,465.0,44.84,350.0,481.0,42.12,-2.72,True,Appleton,1.4,,,,,,
Marion,505,18,9,90.0,180.0,33.33,67.0,192.0,25.87,-7.46,True,Dow,4.1,74,189,28.14,-5.19,Ashland,2.6
Marion,515,18,9,220.0,346.0,38.87,194.0,353.0,35.47,-3.4,True,Dow,3.4,197,349,36.08,-2.79,Ashland,3.5
Marion,525,18,9,334.0,372.0,47.31,282.0,415.0,40.46,-6.85,True,Dow,1.3,272,422,39.19,-8.12,Ashland,1.7
Marion,535,18,9,542.0,787.0,40.78,486.0,814.0,37.38,-3.4,True,Dow,2.2,483,816,37.18,-3.6,Ashland,2.3
Marion,545,22,,444.0,412.0,51.87,424.0,435.0,49.36,-2.51,True,Munoz,-0.4,,,,,,
Marion,555,18,9,637.0,1004.0,38.82,553.0,1118.0,33.09,-5.73,True,Dow,-1.8,568,1100,34.05,-4.77,Ashland,-1.6
Marion,577,22,,150.0,305.0,32.97,127.0,324.0,28.16,-4.81,True,Munoz,0.9,,,,,,
Marion,579,18,9,51.0,98.0,34.23,40.0,108.0,27.03,-7.2,True,Dow,0.7,40,108,27.03,-7.2,Ashland,0.7
Marion,580,18,9,228.0,549.0,29.34,169.0,607.0,21.78,-7.56,True,Dow,0.1,171,607,21.98,-7.36,Ashland,-0.1
Marion,581,18,9,724.0,1382.0,34.38,627.0,1422.0,30.6,-3.78,True,Dow,2.7,617,1405,30.51,-3.87,Ashland,4.0
Marion,582,22,,304.0,666.0,31.34,250.0,722.0,25.72,-5.62,True,Munoz,-0.2,,,,,,
Marion,583,18,9,265.0,757.0,25.93,198.0,810.0,19.64,-6.29,True,Dow,1.4,213,807,20.88,-5.05,Ashland,0.2
Marion,584,22,,6.0,10.0,37.5,5.0,12.0,29.41,,False,Munoz,-6.2,,,,,,
Marion,586,18,9,86.0,230.0,27.22,73.0,235.0,23.7,-3.52,True,Dow,2.5,69,238,22.48,-4.74,Ashland,2.8
Marion,587,18,9,12.0,59.0,16.9,6.0,71.0,7.79,-9.11,True,Dow,-8.5,7,70,9.09,-7.81,Ashland,-8.5
Marion,588,22,,3.0,10.0,23.08,4.0,12.0,25.0,,False,Munoz,-23.1,,,,,,
Marion,589,21,,14.0,18.0,43.75,15.0,16.0,48.39,,False,Appleton,3.1,,,,,,
Marion,590,18,9,171.0,573.0,22.98,134.0,606.0,18.11,-4.87,True,Dow,0.5,139,596,18.91,-4.07,Ashland,1.2
Marion,591,18,9,162.0,333.0,32.73,152.0,349.0,30.34,-2.39,True,Dow,-1.2,151,350,30.14,-2.59,Ashland,-1.2
Marion,592,21,,34.0,88.0,27.87,30.0,85.0,26.09,-1.78,True,Appleton,5.7,,,,,,
Marion,593,22,,15.0,27.0,35.71,12.0,28.0,30.0,,False,Munoz,4.8,,,,,,
Marion,594,22,,86.0,126.0,40.57,75.0,125.0,37.5,-3.07,True,Munoz,5.7,,,,,,
Marion,615,18,9,57.0,163.0,25.91,45.0,172.0,20.74,-5.17,True,Dow,1.4,47,166,22.07,-3.84,Ashland,3.2
Marion,625,18,9,1107.0,1150.0,49.05,941.0,1333.0,41.38,-7.67,True,Dow,-0.8,992,1259,44.07,-4.98,Ashland,0.3
Marion,635,18,9,1812.0,1539.0,54.07,1479.0,1885.0,43.97,-10.1,True,Dow,-0.4,1556,1750,47.07,-7.0,Ashland,1.3
Marion,645,17,9,645.0,1322.0,32.79,479.0,1456.0,24.75,-8.04,True,Beem,1.6,498,1434,25.78,-7.01,Ashland,1.8
Marion,655,17,9,1316.0,2609.0,33.53,1037.0,2808.0,26.97,-6.56,True,Beem,2.0,1114,2759,28.76,-4.77,Ashland,1.3
Marion,673,21,,943.0,974.0,49.19,860.0,996.0,46.34,-2.85,True,Appleton,3.2,,,,,,
Marion,674,17,9,253.0,786.0,24.35,219.0,822.0,21.04,-3.31,True,Beem,-0.2,218,822,20.96,-3.39,Ashland,-0.1
Marion,676,18,9,171.0,219.0,43.85,123.0,267.0,31.54,-12.31,True,Dow,0.0,137,246,35.77,-8.08,Ashland,1.8
Marion,677,17,9,107.0,163.0,39.63,79.0,186.0,29.81,-9.82,True,Beem,1.9,88,180,32.84,-6.79,Ashland,0.7
Marion,678,17,9,93.0,151.0,38.11,86.0,150.0,36.44,-1.67,True,Beem,3.3,86,150,36.44,-1.67,Ashland,3.3
Marion,679,17,9,262.0,803.0,24.6,187.0,869.0,17.71,-6.89,True,Beem,0.8,211,857,19.76,-4.84,Ashland,-0.3
Marion,680,17,9,77.0,176.0,30.43,58.0,196.0,22.83,-7.6,True,Beem,-0.4,58,202,22.31,-8.12,Ashland,-2.8
Marion,681,18,9,588.0,1097.0,34.9,448.0,1251.0,26.37,-8.53,True,Dow,-0.8,484,1192,28.88,-6.02,Ashland,0.5
Marion,682,17,9,998.0,1676.0,37.32,775.0,1822.0,29.84,-7.48,True,Beem,2.9,802,1819,30.6,-6.72,Ashland,2.0
Marion,683,18,9,275.0,803.0,25.51,215.0,886.0,19.53,-5.98,True,Dow,-2.1,218,871,20.02,-5.49,Ashland,-1.0
Marion,684,18,9,114.0,271.0,29.61,93.0,299.0,23.72,-5.89,True,Dow,-1.8,104,284,26.8,-2.81,Ashland,-0.8
Marion,686,17,9,41.0,96.0,29.93,32.0,111.0,22.38,-7.55,True,Beem,-4.4,34,108,23.94,-5.99,Ashland,-3.6
Marion,687,17,9,40.0,64.0,38.46,26.0,74.0,26.0,-12.46,True,Beem,3.8,28,69,28.87,-9.59,Ashland,6.7
Marion,688,17,9,173.0,333.0,34.19,132.0,364.0,26.61,-7.58,True,Beem,2.0,142,360,28.29,-5.9,Ashland,0.8
Marion,689,17,9,2.0,10.0,16.67,2.0,10.0,16.67,,False,Beem,0.0,1,11,,,Ashland,0.0
Marion,690,22,,1479.0,1355.0,52.19,1415.0,1341.0,51.34,-0.85,True,Munoz,2.8,,,,,,
Marion,691,17,9,1810.0,1882.0,49.02,1517.0,1999.0,43.15,-5.87,True,Beem,4.8,1568,1952,44.55,-4.47,Ashland,4.7
Marion,692,17,9,12.0,36.0,25.0,12.0,36.0,25.0,,False,Beem,0.0,11,37,,,Ashland,0.0
Marion,694,17,9,3.0,0.0,100.0,3.0,0.0,100.0,,False,Beem,0.0,3,0,,,Ashland,0.0
Marion,696,17,9,39.0,56.0,41.05,29.0,61.0,32.22,-8.83,True,Beem,5.3,31,56,35.63,-5.42,Ashland,8.4
Marion,697,19,,1672.0,1648.0,50.36,1548.0,1673.0,48.06,-2.3,True,Andersen,3.0,,,,,,
Marion,698,18,9,288.0,547.0,34.49,222.0,606.0,26.81,-7.68,True,Dow,0.8,239,578,29.25,-5.24,Ashland,2.2
Marion,699,22,,0.0,0.0,,0.0,0.0,,,False,Munoz,,,,,,,
Marion,705,17,9,511.0,1077.0,32.18,386.0,1161.0,24.95,-7.23,True,Beem,2.6,409,1140,26.4,-5.78,Ashland,2.5
Marion,715,17,9,568.0,1330.0,29.93,479.0,1354.0,26.13,-3.8,True,Beem,3.4,490,1327,26.97,-2.96,Ashland,4.3
Marion,725,11,,546.0,1013.0,35.02,,,,,False,,,,,,,,
Marion,779,15,,521.0,685.0,43.2,420.0,752.0,35.84,-7.36,True,Virnig,2.8,,,,,,
Marion,780,20,,556.0,550.0,50.27,504.0,574.0,46.75,-3.52,True,Evans,2.5,,,,,,
Marion,781,17,9,243.0,267.0,47.65,196.0,293.0,40.08,-7.57,True,Beem,4.1,202,289,41.14,-6.51,Ashland,3.7
Marion,782,15,,53.0,34.0,60.92,47.0,42.0,52.81,-8.11,True,Virnig,-2.3,,,,,,
Marion,783,17,9,192.0,310.0,38.25,143.0,346.0,29.24,-9.01,True,Beem,2.6,152,338,31.02,-7.23,Ashland,2.4
Marion,784,20,,81.0,93.0,46.55,82.0,100.0,45.05,-1.5,True,Evans,-4.6,,,,,,
Marion,786,17,9,38.0,176.0,17.76,26.0,187.0,12.21,-5.55,True,Beem,0.5,32,181,15.02,-2.74,Ashland,0.5
Marion,787,17,9,489.0,1016.0,32.49,374.0,1095.0,25.46,-7.03,True,Beem,2.4,392,1092,26.42,-6.07,Ashland,1.4
Marion,788,15,,459.0,971.0,32.1,349.0,1041.0,25.11,-6.99,True,Virnig,2.8,,,,,,
Marion,789,17,9,825.0,1677.0,32.97,629.0,1825.0,25.63,-7.34,True,Beem,1.9,667,1786,27.19,-5.78,Ashland,2.0
Marion,790,17,9,55.0,220.0,20.0,46.0,222.0,17.16,-2.84,True,Beem,2.5,40,228,14.93,-5.07,Ashland,2.5
Marion,791,11,,265.0,657.0,28.74,,,,,False,,,,,,,,
Marion,792,19,,14.0,21.0,40.0,12.0,25.0,32.43,,False,Andersen,-5.7,,,,,,
Marion,815,22,,606.0,561.0,51.93,569.0,594.0,48.93,-3.0,True,Munoz,0.3,,,,,,
Marion,825,22,,572.0,402.0,58.73,554.0,421.0,56.82,-1.91,True,Munoz,-0.1,,,,,,
Marion,835,22,,704.0,545.0,56.37,651.0,603.0,51.91,-4.46,True,Munoz,-0.4,,,,,,
Marion,837,18,9,0.0,0.0,,0.0,0.0,,,False,Dow,,0,0,,,Ashland,
Marion,845,22,,1179.0,986.0,54.46,1056.0,1049.0,50.17,-4.29,True,Munoz,2.8,,,,,,
Marion,855,22,,1278.0,1019.0,55.64,1207.0,1078.0,52.82,-2.82,True,Munoz,0.5,,,,,,
Marion,865,22,,509.0,434.0,53.98,504.0,443.0,53.22,-0.76,True,Munoz,-0.4,,,,,,
Marion,905,17,9,35.0,116.0,23.18,25.0,119.0,17.36,-5.82,True,Beem,4.6,25,124,16.78,-6.4,Ashland,1.3
Marion,915,17,9,60.0,169.0,26.2,47.0,175.0,21.17,-5.03,True,Beem,3.1,49,174,21.97,-4.23,Ashland,2.6
Marion,925,17,9,42.0,114.0,26.92,33.0,120.0,21.57,-5.35,True,Beem,1.9,33,120,21.57,-5.35,Ashland,1.9
Marion,935,17,9,10.0,31.0,24.39,11.0,32.0,25.58,,False,Beem,-4.9,11,32,,,Ashland,-4.9
Marion,981,17,9,89.0,177.0,33.46,76.0,191.0,28.46,-5.0,True,Beem,-0.4,70,200,25.93,-7.53,Ashland,-1.5
Marion,982,57,9,0.0,0.0,,,,,,False,,,0,0,,,Ashland,
Marion,983,57,9,0.0,0.0,,,,,,False,,,0,0,,,Ashland,
Yamhill,01,26,,391.0,453.0,46.33,364.0,470.0,43.65,-2.68,True,Neron,1.2,,,,,,
Yamhill,02,23,12,2028.0,2003.0,50.31,1850.0,2136.0,46.41,-3.9,True,Wright,1.1,1490,2020,42.45,-7.86,Hooper,12.9
Yamhill,03,23,12,2384.0,2499.0,48.82,2039.0,2763.0,42.46,-6.36,True,Wright,1.7,1751,2560,40.62,-8.2,Hooper,11.7
Yamhill,04,23,12,1716.0,1632.0,51.25,1538.0,1816.0,45.86,-5.39,True,Wright,-0.2,1252,1726,42.04,-9.21,Hooper,11.1
Yamhill,05,23,12,541.0,594.0,47.67,461.0,678.0,40.47,-7.2,True,Wright,-0.4,420,662,38.82,-8.85,Hooper,4.7
Yamhill,07,23,12,1652.0,2026.0,44.92,1411.0,2201.0,39.06,-5.86,True,Wright,1.8,1205,2115,36.3,-8.62,Hooper,9.7
Yamhill,09,24,12,826.0,934.0,46.93,682.0,1053.0,39.31,-7.62,True,Pool,1.4,615,990,38.32,-8.61,Hooper,8.8
Yamhill,10,23,12,1051.0,1420.0,42.53,936.0,1484.0,38.68,-3.85,True,Wright,2.1,769,1343,36.41,-6.12,Hooper,14.5
Yamhill,11,31,,0.0,17.0,0.0,1.0,15.0,6.25,6.25,True,Gutierrez,5.9,,,,,,
Yamhill,12,23,12,489.0,862.0,36.2,417.0,922.0,31.14,-5.06,True,Wright,0.9,372,858,30.24,-5.96,Hooper,9.0
Yamhill,13,24,12,1038.0,2076.0,33.33,907.0,2156.0,29.61,-3.72,True,Pool,1.6,795,2035,28.09,-5.24,Hooper,9.1
Yamhill,14,24,12,1234.0,1168.0,51.37,1084.0,1290.0,45.66,-5.71,True,Pool,1.2,913,1134,44.6,-6.77,Hooper,14.8
Yamhill,15,24,12,1163.0,1047.0,52.62,1022.0,1125.0,47.6,-5.02,True,Pool,2.9,872,983,47.01,-5.61,Hooper,16.1
Yamhill,16,24,12,1096.0,973.0,52.97,950.0,1056.0,47.36,-5.61,True,Pool,3.0,808,912,46.98,-5.99,Hooper,16.9
Yamhill,17,24,12,1519.0,1187.0,56.13,1333.0,1328.0,50.09,-6.04,True,Pool,1.7,1172,1165,50.15,-5.98,Hooper,13.6
Yamhill,18,24,12,2465.0,1785.0,58.0,2009.0,2173.0,48.04,-9.96,True,Pool,1.6,1872,1855,50.23,-7.77,Hooper,12.3
Yamhill,19,24,12,1731.0,1187.0,59.32,1506.0,1329.0,53.12,-6.2,True,Pool,2.8,1301,1120,53.74,-5.58,Hooper,17.0
Yamhill,21,24,12,847.0,1220.0,40.98,715.0,1308.0,35.34,-5.64,True,Pool,2.1,657,1185,35.67,-5.31,Hooper,10.9
Yamhill,22,24,12,1186.0,1700.0,41.09,1057.0,1779.0,37.27,-3.82,True,Pool,1.7,843,1637,33.99,-7.1,Hooper,14.1
Yamhill,23,24,12,871.0,1163.0,42.82,694.0,1299.0,34.82,-8.0,True,Pool,2.0,678,1195,36.2,-6.62,Hooper,7.9
Yamhill,24,24,12,536.0,1088.0,33.0,467.0,1135.0,29.15,-3.85,True,Pool,1.4,393,1031,27.6,-5.4,Hooper,12.3
Yamhill,26,24,12,746.0,1362.0,35.39,661.0,1386.0,32.29,-3.1,True,Pool,2.9,523,1247,29.55,-5.84,Hooper,16.0
Yamhill,28,24,12,501.0,1140.0,30.53,451.0,1178.0,27.69,-2.84,True,Pool,0.7,365,1079,25.28,-5.25,Hooper,12.0
Polk,102,23,12,446.0,861.0,34.12,378.0,944.0,28.59,-5.53,True,Wright,-1.1,334.0,888.0,27.33,-6.79,Hooper,6.5
Polk,106,24,12,328.0,729.0,31.03,276.0,751.0,26.87,-4.16,True,Pool,2.8,258.0,698.0,26.99,-4.04,Hooper,9.6
Polk,110,24,12,249.0,437.0,36.3,219.0,452.0,32.64,-3.66,True,Pool,2.2,183.0,400.0,31.39,-4.91,Hooper,15.0
Polk,118,23,12,1245.0,1706.0,42.19,1055.0,1885.0,35.88,-6.31,True,Wright,0.4,974.0,1774.0,35.44,-6.75,Hooper,6.9
Polk,122,20,,543.0,615.0,46.89,522.0,623.0,45.59,-1.3,True,Evans,1.1,,,,,,
Polk,134,20,,2577.0,2176.0,54.22,2560.0,2113.0,54.78,0.56,True,Evans,1.7,,,,,,
Polk,136,20,,1968.0,1552.0,55.91,1930.0,1563.0,55.25,-0.66,True,Evans,0.8,,,,,,
Polk,140,20,,1885.0,1337.0,58.5,1867.0,1291.0,59.12,0.62,True,Evans,2.0,,,,,,
Polk,146,20,,2259.0,1577.0,58.89,2258.0,1557.0,59.19,0.3,True,Evans,0.5,,,,,,
Polk,152,23,12,1357.0,2829.0,32.42,1140.0,3009.0,27.48,-4.94,True,Wright,0.9,1042.0,2799.0,27.13,-5.29,Hooper,8.2
Polk,154,23,12,1805.0,2654.0,40.48,1568.0,2828.0,35.67,-4.81,True,Wright,1.4,1362.0,2569.0,34.65,-5.83,Hooper,11.8
Polk,156,23,12,1056.0,1441.0,42.29,950.0,1537.0,38.2,-4.09,True,Wright,0.4,823.0,1379.0,37.38,-4.91,Hooper,11.8
Polk,162,23,12,1089.0,1708.0,38.93,933.0,1846.0,33.57,-5.36,True,Wright,0.6,834.0,1707.0,32.82,-6.11,Hooper,9.2
Polk,166,23,12,281.0,434.0,39.3,253.0,443.0,36.35,-2.95,True,Wright,2.7,201.0,393.0,33.84,-5.46,Hooper,16.9
Polk,178,20,,2512.0,1825.0,57.92,2572.0,1769.0,59.25,1.33,True,Evans,-0.1,,,,,,
Polk,182,20,,2434.0,1887.0,56.33,2509.0,1759.0,58.79,2.46,True,Evans,1.2,,,,,,
Benton,03,16,,2535.0,612.0,80.55,,,,,False,McDonald (unopp.),,,,,,,
Benton,10,10,5,1891.0,1114.0,62.93,,,,,False,Gomberg (unopp.),,1702.0,1302.0,56.66,-6.27,Beaudreau,0.0
Benton,11,15,,3164.0,2606.0,54.84,2664.0,3156.0,45.77,-9.07,True,Virnig,-0.9,,,,,,
Benton,02,16,,1272.0,265.0,82.76,,,,,False,McDonald (unopp.),,,,,,,
Benton,05,16,,1638.0,243.0,87.08,,,,,False,McDonald (unopp.),,,,,,,
Benton,14,10,5,224.0,365.0,38.03,,,,,False,Gomberg (unopp.),,211.0,389.0,35.17,-2.86,Beaudreau,-1.9
Benton,19,10,5,660.0,502.0,56.8,,,,,False,Gomberg (unopp.),,575.0,571.0,50.17,-6.63,Beaudreau,1.4
Benton,17,15,,31.0,13.0,70.45,28.0,18.0,60.87,,False,Virnig,-4.5,,,,,,
Benton,21,10,5,270.0,464.0,36.78,,,,,False,Gomberg (unopp.),,234.0,498.0,31.97,-4.81,Beaudreau,0.3
Benton,09,16,,2321.0,764.0,75.24,,,,,False,McDonald (unopp.),,,,,,,
Benton,04,16,,833.0,128.0,86.68,,,,,False,McDonald (unopp.),,,,,,,
Benton,15,10,5,1443.0,1284.0,52.92,,,,,False,Gomberg (unopp.),,1246.0,1483.0,45.66,-7.26,Beaudreau,-0.1
Benton,12,16,,463.0,272.0,62.99,,,,,False,McDonald (unopp.),,,,,,,
Benton,16,16,,3593.0,1569.0,69.6,,,,,False,McDonald (unopp.),,,,,,,
Benton,20,10,5,305.0,526.0,36.7,,,,,False,Gomberg (unopp.),,274.0,565.0,32.66,-4.04,Beaudreau,-1.0
Benton,13,10,5,149.0,208.0,41.74,,,,,False,Gomberg (unopp.),,143.0,218.0,39.61,-2.13,Beaudreau,-1.1
Benton,07,16,,3003.0,422.0,87.68,,,,,False,McDonald (unopp.),,,,,,,
Benton,18,16,,649.0,786.0,45.23,,,,,False,McDonald (unopp.),,,,,,,
Benton,06,16,,2406.0,483.0,83.28,,,,,False,McDonald (unopp.),,,,,,,
Benton,01,16,,3307.0,835.0,79.84,,,,,False,McDonald (unopp.),,,,,,,
Benton,08,16,,3752.0,726.0,83.79,,,,,False,McDonald (unopp.),,,,,,,
Lane,1560,13,,1209,750,61.72,1103,690,61.52,-0.2,True,Nathanson,8.5,,,,,,
Lane,1450,13,,3975,1686,70.22,3740,1745,68.19,-2.03,True,Nathanson,3.1,,,,,,
Lane,1342,8,,981,193,83.56,,,,,False,,,,,,,,
Lane,2238,7,,3098,1303,70.39,3089,1296,70.44,0.05,True,Lively,0.4,,,,,,
Lane,1232,8,,4840,645,88.24,,,,,False,,,,,,,,
Lane,2340,7,,2967,1989,59.87,2932,2002,59.42,-0.45,True,Lively,0.4,,,,,,
Lane,755,12,,1173,1815,39.26,1043,1903,35.4,-3.86,True,Emmons,1.4,,,,,,
Lane,4700,12,,1502,2234,40.2,1320,2321,36.25,-3.95,True,Emmons,2.5,,,,,,
Lane,753,12,,496,868,36.36,413,935,30.64,-5.72,True,Emmons,1.2,,,,,,
Lane,4900,14,,1237,1451,46.02,,,,,False,,,,,,,,
Lane,709,9,5,722,877,45.15,548,972,36.05,-9.1,True,Mrkvicka,4.9,605,955,38.78,-6.37,Beaudreau,2.4
Lane,1782,8,,1546,217,87.69,,,,,False,,,,,,,,
Lane,743,12,,383,293,56.66,295,276,51.66,-5.0,True,Emmons,15.5,,,,,,
Lane,1122,8,,3478,436,88.86,,,,,False,,,,,,,,
Lane,721,14,,357,302,54.17,,,,,False,,,,,,,,
Lane,4500,9,5,522,552,48.6,394,664,37.24,-11.36,True,Mrkvicka,1.5,467,616,43.12,-5.48,Beaudreau,-0.8
Lane,719,14,,210,224,48.39,,,,,False,,,,,,,,
Lane,1120,14,,1577,325,82.91,,,,,False,,,,,,,,
Lane,1780,14,,1057,435,70.84,,,,,False,,,,,,,,
Lane,1126,8,,4134,363,91.93,,,,,False,,,,,,,,
Lane,4200,12,,495,420,54.1,429,464,48.04,-6.06,True,Emmons,2.4,,,,,,
Lane,1562,13,,3773,1930,66.16,3600,1977,64.55,-1.61,True,Nathanson,2.2,,,,,,
Lane,1670,14,,3630,2630,57.99,,,,,False,,,,,,,,
Lane,723,8,,1815,812,69.09,,,,,False,,,,,,,,
Lane,2122,7,,2456,1670,59.52,2426,1642,59.64,0.12,True,Lively,1.4,,,,,,
Lane,765,12,,1034,1378,42.87,950,1432,39.88,-2.99,True,Emmons,1.2,,,,,,
Lane,4600,9,5,3284,2493,56.85,2619,3021,46.44,-10.41,True,Mrkvicka,2.4,3000,2758,52.1,-4.75,Beaudreau,0.3
Lane,1672,14,,2844,1790,61.37,,,,,False,,,,,,,,
Lane,1892,14,,3768,1101,77.39,,,,,False,,,,,,,,
Lane,751,12,,1873,2485,42.98,1608,2707,37.27,-5.71,True,Emmons,1.0,,,,,,
Lane,1124,14,,1010,171,85.52,,,,,False,,,,,,,,
Lane,2456,7,,2387,2027,54.08,2365,1954,54.76,0.68,True,Lively,2.2,,,,,,
Lane,731,13,,2926,1797,61.95,2789,1819,60.53,-1.42,True,Nathanson,2.4,,,,,,
Lane,1452,13,,3045,1199,71.75,2916,1247,70.05,-1.7,True,Nathanson,1.9,,,,,,
Lane,705,9,5,1138,974,53.88,913,1149,44.28,-9.6,True,Mrkvicka,2.4,1033,1064,49.26,-4.62,Beaudreau,0.7
Lane,757,12,,1124,1431,43.99,991,1531,39.29,-4.7,True,Emmons,1.3,,,,,,
Lane,4300,12,,2352,2665,46.88,2117,2756,43.44,-3.44,True,Emmons,2.9,,,,,,
Lane,1784,13,,2692,1235,68.55,2470,1188,67.52,-1.03,True,Nathanson,6.9,,,,,,
Lane,1234,12,,2803,414,87.13,2615,522,83.36,-3.77,True,Emmons,2.5,,,,,,
Lane,1894,14,,2827,826,77.39,,,,,False,,,,,,,,
Lane,707,9,5,281,390,41.88,223,439,33.69,-8.19,True,Mrkvicka,1.3,261,410,38.9,-2.98,Beaudreau,0.0
Lane,1786,13,,1398,1037,57.41,1325,1049,55.81,-1.6,True,Nathanson,2.5,,,,,,
Lane,727,14,,661,970,40.53,,,,,False,,,,,,,,
Lane,729,13,,318,202,61.15,302,201,60.04,-1.11,True,Nathanson,3.3,,,,,,
Lane,711,9,5,1704,2049,45.4,1422,2162,39.68,-5.72,True,Mrkvicka,4.5,1544,2130,42.03,-3.37,Beaudreau,2.1
Lane,759,12,,1234,1328,48.17,1108,1497,42.53,-5.64,True,Emmons,-1.7,,,,,,
Lane,4800,12,,657,833,44.09,638,833,43.37,-0.72,True,Emmons,1.3,,,,,,
Lane,739,7,,1005,860,53.89,998,844,54.18,0.29,True,Lively,1.2,,,,,,
Lane,1564,13,,4639,1622,74.09,4443,1670,72.68,-1.41,True,Nathanson,2.4,,,,,,
Lane,2562,7,,2758,2510,52.35,2704,2466,52.3,-0.05,True,Lively,1.9,,,,,,
Lane,747,12,,1877,2952,38.87,1685,3049,35.59,-3.28,True,Emmons,2.0,,,,,,
Lane,2676,7,,2780,3011,48.01,2655,3068,46.39,-1.62,True,Lively,1.2,,,,,,
Lane,1454,8,,1364,359,79.16,,,,,False,,,,,,,,
Lane,725,8,,717,1138,38.65,,,,,False,,,,,,,,
Lane,713,10,5,389,739,34.49,,,,,False,,,324,784,29.24,-5.25,Beaudreau,1.8
Lane,1230,8,,4670,480,90.68,,,,,False,,,,,,,,
Lane,733,13,,4077,1759,69.86,3951,1761,69.17,-0.69,True,Nathanson,2.1,,,,,,
Lane,1890,14,,1683,1162,59.16,,,,,False,,,,,,,,
Lane,703,10,5,148,111,57.14,,,,,False,,,143,117,55.0,-2.14,Beaudreau,-0.4
Lane,741,13,,537,283,65.49,504,283,64.04,-1.45,True,Nathanson,4.0,,,,,,
Lane,717,14,,1130,1670,40.36,,,,,False,,,,,,,,
Lane,4400,12,,1237,1692,42.23,1081,1785,37.72,-4.51,True,Emmons,2.2,,,,,,
Lane,701,10,5,777,733,51.46,,,,,False,,,717,788,47.64,-3.82,Beaudreau,0.3
Lane,737,7,,1743,1579,52.47,1699,1616,51.25,-1.22,True,Lively,0.2,,,,,,
Lane,715,12,,625,1057,37.16,539,1105,32.79,-4.37,True,Emmons,2.3,,,,,,
Lane,1340,8,,4626,444,91.24,,,,,False,,,,,,,,
Clatsop,Clatsop Plains South,32,,627.0,639.0,49.53,546.0,699.0,43.86,-5.67,True,Davis,1.7,,,,,,
Clatsop,Lewis & Clark / Cha*,32,,588.0,809.0,42.09,505.0,866.0,36.83,-5.26,True,Davis,1.9,,,,,,
Clatsop,Astoria East,32,,1227.0,494.0,71.3,1158.0,580.0,66.63,-4.67,True,Davis,-1.0,,,,,,
Clatsop,Seaside South,32,,743.0,458.0,61.87,667.0,512.0,56.57,-5.3,True,Davis,1.8,,,,,,
Clatsop,Astoria West,32,,1944.0,661.0,74.63,1796.0,793.0,69.37,-5.26,True,Davis,0.6,,,,,,
Clatsop,Warrenton West,32,,991.0,1233.0,44.56,875.0,1338.0,39.54,-5.02,True,Davis,0.5,,,,,,
Clatsop,Clatsop Plains North,32,,341.0,419.0,44.87,291.0,464.0,38.54,-6.33,True,Davis,0.7,,,,,,
Clatsop,Westport,32,,109.0,234.0,31.78,101.0,226.0,30.89,-0.89,True,Davis,4.7,,,,,,
Clatsop,Gearhart,32,,803.0,492.0,62.01,665.0,604.0,52.4,-9.61,True,Davis,2.0,,,,,,
Clatsop,Svensen,32,,381.0,630.0,37.69,345.0,644.0,34.88,-2.81,True,Davis,2.2,,,,,,
Clatsop,Stanley Acres,32,,83.0,113.0,42.35,72.0,120.0,37.5,-4.85,True,Davis,2.0,,,,,,
Clatsop,Astoria South,32,,661.0,258.0,71.93,603.0,312.0,65.9,-6.03,True,Davis,0.4,,,,,,
Clatsop,Jewell,32,,150.0,214.0,41.21,138.0,208.0,39.88,-1.33,True,Davis,4.9,,,,,,
Clatsop,Seaside East,32,,527.0,375.0,58.43,449.0,426.0,51.31,-7.12,True,Davis,3.0,,,,,,
Clatsop,Knappa,32,,461.0,629.0,42.29,406.0,669.0,37.77,-4.52,True,Davis,1.4,,,,,,
Clatsop,John Day / Walluski,32,,343.0,352.0,49.35,302.0,398.0,43.14,-6.21,True,Davis,-0.7,,,,,,
Clatsop,Cannon Beach,32,,696.0,267.0,72.27,611.0,350.0,63.58,-8.69,True,Davis,0.2,,,,,,
Clatsop,Arch Cape,32,,177.0,45.0,79.73,164.0,54.0,75.23,-4.5,True,Davis,1.8,,,,,,
Clatsop,Hamlet,32,,139.0,127.0,52.26,120.0,145.0,45.28,-6.98,True,Davis,0.4,,,,,,
Clatsop,Elsie,32,,116.0,133.0,46.59,104.0,148.0,41.27,-5.32,True,Davis,-1.2,,,,,,
Clatsop,Necanicum,32,,151.0,185.0,44.94,124.0,188.0,39.74,-5.2,True,Davis,7.1,,,,,,
Clatsop,Seaside West,32,,364.0,224.0,61.9,332.0,241.0,57.94,-3.96,True,Davis,2.6,,,,,,
Clatsop,Seaside North,32,,337.0,207.0,61.95,301.0,242.0,55.43,-6.52,True,Davis,0.2,,,,,,
Clatsop,Olney,32,,137.0,298.0,31.49,122.0,303.0,28.71,-2.78,True,Davis,2.3,,,,,,
Clatsop,Warrenton East,32,,437.0,417.0,51.17,386.0,433.0,47.13,-4.04,True,Davis,4.1,,,,,,
Columbia,48 S DEER ISLAND,31,,115.0,249.0,31.59,102.0,237.0,30.09,-1.5,True,Gutierrez,6.9,,,,,,
Columbia,14 QUINCY,31,,187.0,329.0,36.24,172.0,305.0,36.06,-0.18,True,Gutierrez,7.6,,,,,,
Columbia,04 N CLATSKANIE-MARSHLAND,32,,230.0,332.0,40.93,216.0,342.0,38.71,-2.22,True,Davis,0.7,,,,,,
Columbia,01 CITY OF CLATSKANIE,32,,349.0,519.0,40.21,305.0,554.0,35.51,-4.7,True,Davis,1.0,,,,,,
Columbia,35 SE SCAPPOOSE,31,,517.0,567.0,47.69,450.0,563.0,44.42,-3.27,True,Gutierrez,6.5,,,,,,
Columbia,34 SCAPPOOSE FOUR,31,,672.0,613.0,52.3,550.0,642.0,46.14,-6.16,True,Gutierrez,7.2,,,,,,
Columbia,31 SCAPPOOSE ONE,31,,332.0,355.0,48.33,269.0,382.0,41.32,-7.01,True,Gutierrez,5.2,,,,,,
Columbia,36 CANYON,31,,219.0,212.0,50.81,169.0,243.0,41.02,-9.79,True,Gutierrez,4.4,,,,,,
Columbia,19 S WARREN,31,,422.0,530.0,44.33,333.0,573.0,36.75,-7.58,True,Gutierrez,4.8,,,,,,
Columbia,12 McNULTY,31,,431.0,579.0,42.67,348.0,580.0,37.5,-5.17,True,Gutierrez,8.1,,,,,,
Columbia,10 MILTON,31,,370.0,445.0,45.4,305.0,432.0,41.38,-4.02,True,Gutierrez,9.6,,,,,,
Columbia,39 SAUVIE ISLAND,31,,29.0,28.0,50.88,23.0,28.0,45.1,-5.78,True,Gutierrez,10.5,,,,,,
Columbia,26 ST HELENS SIX,31,,1088.0,1420.0,43.38,932.0,1423.0,39.58,-3.8,True,Gutierrez,6.1,,,,,,
Columbia,21 ST HELENS ONE,31,,1108.0,1164.0,48.77,954.0,1149.0,45.36,-3.41,True,Gutierrez,7.4,,,,,,
Columbia,47 CHAPMAN,31,,388.0,422.0,47.9,316.0,430.0,42.36,-5.54,True,Gutierrez,7.9,,,,,,
Columbia,41 CITY OF VERNONIA,31,,392.0,936.0,29.52,344.0,881.0,28.08,-1.44,True,Gutierrez,7.8,,,,,,
Columbia,53 CITY OF COLUMBIA CITY,31,,625.0,690.0,47.53,528.0,700.0,43.0,-4.53,True,Gutierrez,6.6,,,,,,
Columbia,49 N DEER ISLAND,31,,206.0,361.0,36.33,181.0,355.0,33.77,-2.56,True,Gutierrez,5.5,,,,,,
Columbia,08 GOBLE,31,,277.0,416.0,39.97,238.0,416.0,36.39,-3.58,True,Gutierrez,5.6,,,,,,
Columbia,50 PRESCOTT,31,,13.0,24.0,35.14,12.0,25.0,32.43,-2.71,True,Gutierrez,0.0,,,,,,
Columbia,40 YANKTON,31,,396.0,665.0,37.32,322.0,679.0,32.17,-5.15,True,Gutierrez,5.7,,,,,,
Columbia,18 E RAINIER,31,,77.0,114.0,40.31,72.0,116.0,38.3,-2.01,True,Gutierrez,1.6,,,,,,
Columbia,15 RAINIER,31,,392.0,619.0,38.77,349.0,591.0,37.13,-1.64,True,Gutierrez,7.0,,,,,,
Columbia,06 DELENA,31,,407.0,770.0,34.58,351.0,750.0,31.88,-2.7,True,Gutierrez,6.5,,,,,,
Columbia,17 W RAINIER,31,,159.0,270.0,37.06,131.0,274.0,32.35,-4.71,True,Gutierrez,5.6,,,,,,
Columbia,44 RURAL VERNONIA,31,,233.0,578.0,28.73,202.0,560.0,26.51,-2.22,True,Gutierrez,6.0,,,,,,
Columbia,32 SCAPPOOSE TWO,31,,1159.0,1087.0,51.6,966.0,1139.0,45.89,-5.71,True,Gutierrez,6.3,,,,,,
Columbia,20 N WARREN,31,,275.0,374.0,42.37,227.0,382.0,37.27,-5.1,True,Gutierrez,6.2,,,,,,
Columbia,46 APIARY,31,,198.0,460.0,30.09,170.0,446.0,27.6,-2.49,True,Gutierrez,6.4,,,,,,
Columbia,24 ST HELENS FOUR,31,,1133.0,1252.0,47.51,948.0,1276.0,42.63,-4.88,True,Gutierrez,6.8,,,,,,
Columbia,51 MIST,31,,98.0,186.0,34.51,82.0,184.0,30.83,-3.68,True,Gutierrez,6.3,,,,,,
Columbia,38 W SCAPPOOSE,31,,222.0,269.0,45.21,186.0,271.0,40.7,-4.51,True,Gutierrez,6.9,,,,,,
Columbia,05 S CLATSKANIE,31,,176.0,392.0,30.99,160.0,372.0,30.08,-0.91,True,Gutierrez,6.3,,,,,,
Deschutes,38,55,28,760.0,623.0,54.95,661.0,663.0,49.92,-5.03,True,Williamson,4.3,689.0,675.0,50.51,-4.44,Gutridge,1.4
Deschutes,39,55,28,2155.0,3042.0,41.47,1908.0,3075.0,38.29,-3.18,True,Williamson,4.1,1995.0,3074.0,39.36,-2.11,Gutridge,2.5
Deschutes,36,53,27,2243.0,2982.0,42.93,2206.0,2978.0,42.55,-0.38,True,Levy,0.8,2202.0,3006.0,42.28,-0.65,Broadman,0.3
Deschutes,37,53,27,600.0,516.0,53.76,549.0,563.0,49.37,-4.39,True,Levy,0.4,564.0,559.0,50.22,-3.54,Broadman,-0.6
Deschutes,1,53,27,1910.0,429.0,81.66,1808.0,522.0,77.6,-4.06,True,Levy,0.4,1834.0,507.0,78.34,-3.32,Broadman,-0.1
Deschutes,2,54,27,1824.0,1234.0,59.65,,,,,False,,,1729.0,1319.0,56.73,-2.92,Broadman,0.3
Deschutes,30,53,27,1502.0,1014.0,59.7,1429.0,1076.0,57.05,-2.65,True,Levy,0.4,1433.0,1087.0,56.87,-2.83,Broadman,-0.2
Deschutes,5,54,27,2731.0,1483.0,64.81,,,,,False,,,2605.0,1596.0,62.01,-2.8,Broadman,0.3
Deschutes,31,53,27,1347.0,1574.0,46.11,1249.0,1640.0,43.23,-2.88,True,Levy,1.1,1242.0,1661.0,42.78,-3.33,Broadman,0.6
Deschutes,6,53,27,1802.0,848.0,68.0,1750.0,846.0,67.41,-0.59,True,Levy,2.0,1751.0,873.0,66.73,-1.27,Broadman,1.0
Deschutes,18,59,30,947.0,2224.0,29.86,799.0,2248.0,26.22,-3.64,True,Samp,3.9,,,,,,
Deschutes,19,53,27,362.0,705.0,33.93,328.0,702.0,31.84,-2.09,True,Levy,3.5,344.0,691.0,33.24,-0.69,Broadman,3.0
Deschutes,3,54,27,3191.0,675.0,82.54,,,,,False,,,3015.0,803.0,78.97,-3.57,Broadman,1.2
Deschutes,4,54,27,2303.0,770.0,74.94,,,,,False,,,2175.0,827.0,72.45,-2.49,Broadman,2.3
Deschutes,50,55,28,410.0,992.0,29.24,371.0,950.0,28.08,-1.16,True,Williamson,5.8,392.0,959.0,29.02,-0.22,Gutridge,3.6
Deschutes,23,55,28,468.0,903.0,34.14,427.0,888.0,32.47,-1.67,True,Williamson,4.1,454.0,886.0,33.88,-0.26,Gutridge,2.3
Deschutes,24,55,28,253.0,649.0,28.05,218.0,639.0,25.44,-2.61,True,Williamson,5.0,234.0,634.0,26.96,-1.09,Gutridge,3.8
Deschutes,21,55,28,1155.0,1653.0,41.13,974.0,1731.0,36.01,-5.12,True,Williamson,3.7,1033.0,1754.0,37.06,-4.07,Gutridge,0.7
Deschutes,22,53,27,192.0,110.0,63.58,171.0,132.0,56.44,-7.14,True,Levy,-0.3,171.0,132.0,56.44,-7.14,Broadman,-0.3
Deschutes,27,54,27,1872.0,408.0,82.11,,,,,False,,,1785.0,487.0,78.57,-3.54,Broadman,0.4
Deschutes,28,59,30,1253.0,1690.0,42.58,1106.0,1743.0,38.82,-3.76,True,Samp,3.2,,,,,,
Deschutes,25,54,27,2597.0,1426.0,64.55,,,,,False,,,2508.0,1483.0,62.84,-1.71,Broadman,0.8
Deschutes,26,53,27,1478.0,970.0,60.38,1394.0,1006.0,58.08,-2.3,True,Levy,2.0,1386.0,1023.0,57.53,-2.85,Broadman,1.6
Deschutes,45,53,27,523.0,361.0,59.16,488.0,385.0,55.9,-3.26,True,Levy,1.2,494.0,385.0,56.2,-2.96,Broadman,0.6
Deschutes,9,54,27,1180.0,665.0,63.96,,,,,False,,,1147.0,669.0,63.16,-0.8,Broadman,1.6
Deschutes,46,54,27,2352.0,1116.0,67.82,,,,,False,,,2262.0,1195.0,65.43,-2.39,Broadman,0.3
Deschutes,20,53,27,2643.0,1891.0,58.29,2537.0,1922.0,56.9,-1.39,True,Levy,1.7,2541.0,1957.0,56.49,-1.8,Broadman,0.8
Deschutes,43,55,28,1093.0,1531.0,41.65,912.0,1608.0,36.19,-5.46,True,Williamson,4.0,985.0,1602.0,38.07,-3.58,Gutridge,1.4
Deschutes,7,53,27,1139.0,287.0,79.87,1090.0,304.0,78.19,-1.68,True,Levy,2.2,1096.0,316.0,77.62,-2.25,Broadman,1.0
Deschutes,44,54,27,1818.0,1184.0,60.56,,,,,False,,,1732.0,1247.0,58.14,-2.42,Broadman,0.8
Deschutes,8,54,27,534.0,256.0,67.59,,,,,False,,,486.0,308.0,61.21,-6.38,Broadman,-0.5
Deschutes,49,53,27,313.0,189.0,62.35,289.0,207.0,58.27,-4.08,True,Levy,1.2,290.0,212.0,57.77,-4.58,Broadman,0.0
Deschutes,47,54,27,1981.0,732.0,73.02,,,,,False,,,1810.0,886.0,67.14,-5.88,Broadman,0.6
Deschutes,48,59,30,658.0,1672.0,28.24,542.0,1710.0,24.07,-4.17,True,Samp,3.3,,,,,,
Deschutes,41,59,30,316.0,322.0,49.53,260.0,363.0,41.73,-7.8,True,Samp,2.4,,,,,,
Deschutes,42,55,28,1480.0,1771.0,45.52,1316.0,1807.0,42.14,-3.38,True,Williamson,3.9,1396.0,1800.0,43.68,-1.84,Gutridge,1.7
Deschutes,40,55,28,377.0,772.0,32.81,323.0,745.0,30.24,-2.57,True,Williamson,7.0,342.0,752.0,31.26,-1.55,Gutridge,4.8
Deschutes,12,53,27,329.0,393.0,45.57,294.0,420.0,41.18,-4.39,True,Levy,1.1,299.0,423.0,41.41,-4.16,Broadman,0.0
Deschutes,13,53,27,1388.0,1543.0,47.36,1312.0,1587.0,45.26,-2.1,True,Levy,1.1,1324.0,1599.0,45.3,-2.06,Broadman,0.3
Deschutes,10,60,30,5.0,31.0,13.89,,,,,False,,,,,,,,
Deschutes,11,53,27,988.0,395.0,71.44,931.0,444.0,67.71,-3.73,True,Levy,0.6,947.0,451.0,67.74,-3.7,Broadman,-1.1
Deschutes,16,55,28,836.0,472.0,63.91,683.0,557.0,55.08,-8.83,True,Williamson,5.2,751.0,528.0,58.72,-5.19,Gutridge,2.2
Deschutes,17,53,27,2507.0,3187.0,44.03,2459.0,3163.0,43.74,-0.29,True,Levy,1.3,2434.0,3201.0,43.19,-0.84,Broadman,1.0
Deschutes,29,59,30,1806.0,2754.0,39.61,1584.0,2803.0,36.11,-3.5,True,Samp,3.8,,,,,,
Deschutes,14,53,27,716.0,804.0,47.11,677.0,847.0,44.42,-2.69,True,Levy,-0.3,691.0,844.0,45.02,-2.09,Broadman,-1.0
Deschutes,15,59,30,1190.0,1079.0,52.45,949.0,1251.0,43.14,-9.31,True,Samp,3.0,,,,,,
Deschutes,34,54,27,1813.0,1255.0,59.09,,,,,False,,,1733.0,1271.0,57.69,-1.4,Broadman,2.1
Deschutes,35,53,27,3178.0,1103.0,74.23,2905.0,1338.0,68.47,-5.76,True,Levy,0.9,2926.0,1344.0,68.52,-5.71,Broadman,0.3
Deschutes,32,54,27,1587.0,726.0,68.61,,,,,False,,,1533.0,729.0,67.77,-0.84,Broadman,2.2
Deschutes,33,54,27,2003.0,1439.0,58.19,,,,,False,,,1913.0,1526.0,55.63,-2.56,Broadman,0.1
Douglas,10,2,1,63.0,62.0,50.4,60.0,66.0,47.62,-2.78,True,Warren,-0.8,55.0,73.0,42.97,-7.43,Preciado-McAlister,-2.4
Douglas,27,4,2,81.0,275.0,22.75,92.0,258.0,26.29,3.54,True,Chasm,1.7,80.0,263.0,23.32,0.57,Thompson,3.7
Douglas,28,4,2,118.0,329.0,26.4,112.0,328.0,25.45,-0.95,True,Chasm,1.6,118.0,321.0,26.88,0.48,Thompson,1.8
Douglas,15,2,1,168.0,339.0,33.14,156.0,333.0,31.9,-1.24,True,Warren,3.6,152.0,338.0,31.02,-2.12,Preciado-McAlister,3.4
Douglas,14,2,1,137.0,380.0,26.5,137.0,375.0,26.76,0.26,True,Warren,1.0,129.0,389.0,24.9,-1.6,Preciado-McAlister,-0.2
Douglas,11,2,1,150.0,333.0,31.06,139.0,329.0,29.7,-1.36,True,Warren,3.1,129.0,338.0,27.62,-3.44,Preciado-McAlister,3.3
Douglas,24,1,1,398.0,967.0,29.16,376.0,974.0,27.85,-1.31,True,Cecil,1.1,338.0,1004.0,25.19,-3.97,Preciado-McAlister,1.7
Douglas,09,2,1,1120.0,1621.0,40.86,957.0,1699.0,36.03,-4.83,True,Warren,3.1,916.0,1738.0,34.51,-6.35,Preciado-McAlister,3.2
Douglas,25,4,2,242.0,557.0,30.29,239.0,548.0,30.37,0.08,True,Chasm,1.5,232.0,545.0,29.86,-0.43,Thompson,2.8
Douglas,07,2,1,1136.0,1771.0,39.08,946.0,1841.0,33.94,-5.14,True,Warren,4.1,914.0,1885.0,32.65,-6.43,Preciado-McAlister,3.7
Douglas,03,9,5,919.0,1306.0,41.3,735.0,1475.0,33.26,-8.04,True,Mrkvicka,0.7,823.0,1400.0,37.02,-4.28,Beaudreau,0.1
Douglas,23,1,1,391.0,1045.0,27.23,355.0,1033.0,25.58,-1.65,True,Cecil,3.3,319.0,1078.0,22.83,-4.4,Preciado-McAlister,2.7
Douglas,22,2,1,1154.0,1575.0,42.29,1044.0,1621.0,39.17,-3.12,True,Warren,2.3,1012.0,1649.0,38.03,-4.26,Preciado-McAlister,2.5
Douglas,08,1,1,927.0,2593.0,26.34,891.0,2491.0,26.35,0.01,True,Cecil,3.9,798.0,2595.0,23.52,-2.82,Preciado-McAlister,3.6
Douglas,26,2,1,483.0,1208.0,28.56,422.0,1236.0,25.45,-3.11,True,Warren,2.0,400.0,1256.0,24.15,-4.41,Preciado-McAlister,2.1
Douglas,18,2,1,1090.0,1681.0,39.34,974.0,1706.0,36.34,-3.0,True,Warren,3.3,948.0,1725.0,35.47,-3.87,Preciado-McAlister,3.5
Douglas,17,2,1,1379.0,3197.0,30.14,1171.0,3279.0,26.31,-3.83,True,Warren,2.8,1156.0,3300.0,25.94,-4.2,Preciado-McAlister,2.6
Douglas,29,1,1,139.0,427.0,24.56,124.0,429.0,22.42,-2.14,True,Cecil,2.3,115.0,441.0,20.68,-3.88,Preciado-McAlister,1.8
Douglas,13,2,1,1093.0,2672.0,29.03,883.0,2812.0,23.9,-5.13,True,Warren,1.9,869.0,2834.0,23.47,-5.56,Preciado-McAlister,1.6
Douglas,06,2,1,1002.0,2256.0,30.76,859.0,2326.0,26.97,-3.79,True,Warren,2.2,831.0,2354.0,26.09,-4.67,Preciado-McAlister,2.2
Douglas,19,1,1,546.0,1716.0,24.14,540.0,1675.0,24.38,0.24,True,Cecil,2.1,472.0,1734.0,21.4,-2.74,Preciado-McAlister,2.5
Douglas,20,2,1,951.0,2688.0,26.13,836.0,2710.0,23.58,-2.55,True,Warren,2.6,794.0,2749.0,22.41,-3.72,Preciado-McAlister,2.6
Douglas,01,9,5,309.0,607.0,33.73,256.0,658.0,28.01,-5.72,True,Mrkvicka,0.2,291.0,633.0,31.49,-2.24,Beaudreau,-0.9
Douglas,12,1,1,1021.0,2677.0,27.61,890.0,2723.0,24.63,-2.98,True,Cecil,2.3,816.0,2807.0,22.52,-5.09,Preciado-McAlister,2.0
Douglas,21,4,2,260.0,746.0,25.84,260.0,721.0,26.5,0.66,True,Chasm,2.5,236.0,747.0,24.01,-1.83,Thompson,2.3
Douglas,05,2,1,1001.0,2915.0,25.56,859.0,2968.0,22.45,-3.11,True,Warren,2.3,838.0,2979.0,21.95,-3.61,Preciado-McAlister,2.5
Douglas,16,4,2,684.0,2215.0,23.59,732.0,2132.0,25.56,1.97,True,Chasm,1.2,654.0,2185.0,23.04,-0.55,Thompson,2.1
Douglas,04,2,1,1171.0,2897.0,28.79,1059.0,2952.0,26.4,-2.39,True,Warren,1.4,1025.0,2986.0,25.55,-3.24,Preciado-McAlister,1.4
Douglas,02,2,1,253.0,506.0,33.33,234.0,521.0,30.99,-2.34,True,Warren,0.5,219.0,519.0,29.67,-3.66,Preciado-McAlister,2.8
Lincoln,16,10,5,696.0,377.0,64.86,,,,,False,,,604.0,446.0,57.52,-7.34,Beaudreau,2.1
Lincoln,04,10,5,204.0,266.0,43.4,,,,,False,,,187.0,276.0,40.39,-3.01,Beaudreau,1.5
Lincoln,28,10,5,142.0,220.0,39.23,,,,,False,,,120.0,221.0,35.19,-4.04,Beaudreau,5.8
Lincoln,25,10,5,24.0,62.0,27.91,,,,,False,,,25.0,63.0,28.41,0.5,Beaudreau,-2.3
Lincoln,30,10,5,129.0,106.0,54.89,,,,,False,,,117.0,112.0,51.09,-3.8,Beaudreau,2.6
Lincoln,29,10,5,617.0,612.0,50.2,,,,,False,,,525.0,690.0,43.21,-6.99,Beaudreau,1.1
Lincoln,26,10,5,21.0,58.0,26.58,,,,,False,,,13.0,64.0,16.88,-9.7,Beaudreau,2.5
Lincoln,05,10,5,875.0,185.0,82.55,,,,,False,,,807.0,250.0,76.35,-6.2,Beaudreau,0.3
Lincoln,17,10,5,697.0,384.0,64.48,,,,,False,,,591.0,474.0,55.49,-8.99,Beaudreau,1.5
Lincoln,24,10,5,290.0,372.0,43.81,,,,,False,,,260.0,381.0,40.56,-3.25,Beaudreau,3.2
Lincoln,23,10,5,428.0,475.0,47.4,,,,,False,,,398.0,512.0,43.74,-3.66,Beaudreau,-0.8
Lincoln,22,10,5,1010.0,641.0,61.18,,,,,False,,,864.0,760.0,53.2,-7.98,Beaudreau,1.6
Lincoln,18,10,5,691.0,349.0,66.44,,,,,False,,,596.0,440.0,57.53,-8.91,Beaudreau,0.4
Lincoln,15,10,5,248.0,118.0,67.76,,,,,False,,,214.0,143.0,59.94,-7.82,Beaudreau,2.5
Lincoln,11,10,5,474.0,237.0,66.67,,,,,False,,,440.0,281.0,61.03,-5.64,Beaudreau,-1.4
Lincoln,14,10,5,703.0,399.0,63.79,,,,,False,,,630.0,464.0,57.59,-6.2,Beaudreau,0.7
Lincoln,07,10,5,697.0,426.0,62.07,,,,,False,,,623.0,485.0,56.23,-5.84,Beaudreau,1.3
Lincoln,21,10,5,833.0,458.0,64.52,,,,,False,,,715.0,583.0,55.08,-9.44,Beaudreau,-0.5
Lincoln,10,10,5,399.0,168.0,70.37,,,,,False,,,344.0,226.0,60.35,-10.02,Beaudreau,-0.5
Lincoln,09,10,5,545.0,216.0,71.62,,,,,False,,,508.0,255.0,66.58,-5.04,Beaudreau,-0.3
Lincoln,19,10,5,758.0,592.0,56.15,,,,,False,,,653.0,693.0,48.51,-7.64,Beaudreau,0.3
Lincoln,20,10,5,1028.0,567.0,64.45,,,,,False,,,894.0,687.0,56.55,-7.9,Beaudreau,0.9
Lincoln,02,10,5,288.0,289.0,49.91,,,,,False,,,244.0,312.0,43.88,-6.03,Beaudreau,3.6
Lincoln,08,10,5,610.0,376.0,61.87,,,,,False,,,547.0,427.0,56.16,-5.71,Beaudreau,1.2
Lincoln,12,10,5,672.0,441.0,60.38,,,,,False,,,572.0,535.0,51.67,-8.71,Beaudreau,0.5
Lincoln,13,10,5,677.0,402.0,62.74,,,,,False,,,582.0,505.0,53.54,-9.2,Beaudreau,-0.7
Lincoln,32,10,5,439.0,538.0,44.93,,,,,False,,,393.0,576.0,40.56,-4.37,Beaudreau,0.8
Lincoln,03,10,5,489.0,295.0,62.37,,,,,False,,,456.0,347.0,56.79,-5.58,Beaudreau,-2.4
Lincoln,01,10,5,863.0,536.0,61.69,,,,,False,,,727.0,643.0,53.07,-8.62,Beaudreau,2.1
Lincoln,06,10,5,776.0,411.0,65.37,,,,,False,,,704.0,468.0,60.07,-5.3,Beaudreau,1.3
Lincoln,27,10,5,279.0,442.0,38.7,,,,,False,,,250.0,465.0,34.97,-3.73,Beaudreau,0.8
Lincoln,31,10,5,510.0,627.0,44.85,,,,,False,,,443.0,681.0,39.41,-5.44,Beaudreau,1.1
Linn,001,15,,1057.0,589.0,64.22,930.0,714.0,56.57,-7.65,True,Virnig,0.1,,,,,,
Linn,002,15,,0.0,1.0,0.0,0.0,1.0,,,False,Virnig,,,,,,,
Linn,003,11,,334.0,1040.0,24.31,,,,,False,,,,,,,,
Linn,004,11,,135.0,338.0,28.54,,,,,False,,,,,,,,
Linn,005,15,,1033.0,847.0,54.95,919.0,929.0,49.73,-5.22,True,Virnig,1.7,,,,,,
Linn,006,11,,304.0,641.0,32.17,,,,,False,,,,,,,,
Linn,007,11,,11.0,60.0,15.49,,,,,False,,,,,,,,
Linn,008,15,,360.0,433.0,45.4,289.0,476.0,37.78,-7.62,True,Virnig,3.5,,,,,,
Linn,009,15,,510.0,595.0,46.15,465.0,600.0,43.66,-2.49,True,Virnig,3.6,,,,,,
Linn,010,15,,830.0,768.0,51.94,705.0,857.0,45.13,-6.81,True,Virnig,2.3,,,,,,
Linn,011,15,,1309.0,1255.0,51.05,1095.0,1392.0,44.03,-7.02,True,Virnig,3.0,,,,,,
Linn,012,15,,388.0,388.0,50.0,343.0,426.0,44.6,-5.4,True,Virnig,0.9,,,,,,
Linn,013,15,,578.0,773.0,42.78,526.0,793.0,39.88,-2.9,True,Virnig,2.4,,,,,,
Linn,014,15,,808.0,751.0,51.83,723.0,778.0,48.17,-3.66,True,Virnig,3.7,,,,,,
Linn,015,15,,246.0,603.0,28.98,180.0,661.0,21.4,-7.58,True,Virnig,0.9,,,,,,
Linn,016,15,,874.0,743.0,54.05,754.0,842.0,47.24,-6.81,True,Virnig,1.3,,,,,,
Linn,017,11,,8.0,17.0,32.0,,,,,False,,,,,,,,
Linn,018,15,,1099.0,1053.0,51.07,918.0,1211.0,43.12,-7.95,True,Virnig,1.1,,,,,,
Linn,019,15,,361.0,417.0,46.4,289.0,483.0,37.44,-8.96,True,Virnig,0.8,,,,,,
Linn,020,11,,160.0,492.0,24.54,,,,,False,,,,,,,,
Linn,021,11,,74.0,235.0,23.95,,,,,False,,,,,,,,
Linn,022,11,,29.0,105.0,21.64,,,,,False,,,,,,,,
Linn,023,11,,205.0,604.0,25.34,,,,,False,,,,,,,,
Linn,024,12,,14.0,35.0,28.57,11.0,34.0,,,False,Emmons,,,,,,,
Linn,025,11,,284.0,729.0,28.04,,,,,False,,,,,,,,
Linn,026,11,,69.0,168.0,29.11,,,,,False,,,,,,,,
Linn,027,11,,132.0,347.0,27.56,,,,,False,,,,,,,,
Linn,028,11,,33.0,184.0,15.21,,,,,False,,,,,,,,
Linn,029,11,,571.0,1285.0,30.77,,,,,False,,,,,,,,
Linn,030,11,,32.0,151.0,17.49,,,,,False,,,,,,,,
Linn,031,11,,249.0,820.0,23.29,,,,,False,,,,,,,,
Linn,032,11,,140.0,496.0,22.01,,,,,False,,,,,,,,
Linn,033,17,9,15.0,27.0,35.71,13.0,24.0,,,False,Beem,,12.0,25.0,32.43,-3.28,Ashland,11.9
Linn,034,15,,88.0,227.0,27.94,68.0,234.0,22.52,-5.42,True,Virnig,4.1,,,,,,
Linn,035,11,,343.0,1037.0,24.86,,,,,False,,,,,,,,
Linn,036,11,,517.0,829.0,38.41,,,,,False,,,,,,,,
Linn,037,11,,406.0,620.0,39.57,,,,,False,,,,,,,,
Linn,038,11,,366.0,588.0,38.36,,,,,False,,,,,,,,
Linn,039,11,,308.0,318.0,49.2,,,,,False,,,,,,,,
Linn,040,11,,12.0,43.0,21.82,,,,,False,,,,,,,,
Linn,041,11,,246.0,311.0,44.17,,,,,False,,,,,,,,
Linn,042,17,9,163.0,538.0,23.25,125.0,541.0,18.77,-4.48,True,Beem,5.0,131.0,549.0,19.26,-3.99,Ashland,3.0
Linn,043,17,9,256.0,535.0,32.36,201.0,555.0,26.59,-5.77,True,Beem,4.4,216.0,543.0,28.46,-3.9,Ashland,4.0
Linn,044,15,,53.0,58.0,47.75,48.0,69.0,41.03,-6.72,True,Virnig,-5.4,,,,,,
Linn,045,11,,227.0,655.0,25.74,,,,,False,,,,,,,,
Linn,046,11,,276.0,796.0,25.75,,,,,False,,,,,,,,
Linn,047,11,,111.0,128.0,46.44,,,,,False,,,,,,,,
Linn,048,15,,1091.0,1064.0,50.63,926.0,1184.0,43.89,-6.74,True,Virnig,2.1,,,,,,
Linn,049,17,9,2.0,1.0,66.67,1.0,1.0,,,False,Beem,,2.0,1.0,66.67,0.0,Ashland,0.0
Linn,050,11,,69.0,366.0,15.86,,,,,False,,,,,,,,
Linn,051,11,,164.0,577.0,22.13,,,,,False,,,,,,,,
Linn,052,11,,142.0,338.0,29.58,,,,,False,,,,,,,,
Linn,053,11,,158.0,598.0,20.9,,,,,False,,,,,,,,
Linn,054,11,,108.0,263.0,29.11,,,,,False,,,,,,,,
Linn,055,11,,126.0,488.0,20.52,,,,,False,,,,,,,,
Linn,056,17,9,236.0,597.0,28.33,168.0,649.0,20.56,-7.77,True,Beem,1.9,188.0,638.0,22.76,-5.57,Ashland,0.8
Linn,057,11,,21.0,44.0,32.31,,,,,False,,,,,,,,
Linn,058,11,,16.0,48.0,25.0,,,,,False,,,,,,,,
Linn,059,11,,436.0,1045.0,29.44,,,,,False,,,,,,,,
Linn,060,15,,230.0,431.0,34.8,171.0,473.0,26.55,-8.25,True,Virnig,2.6,,,,,,
Linn,061,15,,618.0,744.0,45.37,486.0,829.0,36.96,-8.41,True,Virnig,3.5,,,,,,
Linn,062,11,,331.0,754.0,30.51,,,,,False,,,,,,,,
Linn,063,15,,59.0,213.0,21.69,42.0,234.0,15.22,-6.47,True,Virnig,-1.5,,,,,,
Linn,064,17,9,145.0,420.0,25.66,111.0,438.0,20.22,-5.44,True,Beem,2.8,105.0,446.0,19.06,-6.6,Ashland,2.5
Linn,065,11,,8.0,31.0,20.51,,,,,False,,,,,,,,
Linn,066,11,,73.0,167.0,30.42,,,,,False,,,,,,,,
Linn,067,15,,620.0,656.0,48.59,512.0,717.0,41.66,-6.93,True,Virnig,3.7,,,,,,
Linn,068,11,,57.0,165.0,25.68,,,,,False,,,,,,,,
Linn,069,17,9,107.0,377.0,22.11,84.0,387.0,17.83,-4.28,True,Beem,2.7,83.0,394.0,17.4,-4.71,Ashland,1.4
Linn,070,11,,191.0,490.0,28.05,,,,,False,,,,,,,,
Linn,071,11,,33.0,104.0,24.09,,,,,False,,,,,,,,
Linn,072,11,,199.0,483.0,29.18,,,,,False,,,,,,,,
Linn,073,11,,399.0,766.0,34.25,,,,,False,,,,,,,,
Linn,074,11,,238.0,684.0,25.81,,,,,False,,,,,,,,
Linn,075,11,,253.0,742.0,25.43,,,,,False,,,,,,,,
Linn,076,15,,746.0,1416.0,34.51,559.0,1558.0,26.41,-8.1,True,Virnig,2.1,,,,,,
Linn,077,11,,136.0,366.0,27.09,,,,,False,,,,,,,,
Linn,078,11,,225.0,440.0,33.83,,,,,False,,,,,,,,
Linn,079,11,,539.0,858.0,38.58,,,,,False,,,,,,,,
Linn,080,11,,311.0,855.0,26.67,,,,,False,,,,,,,,
Linn,081,15,,423.0,294.0,59.0,367.0,360.0,50.48,-8.52,True,Virnig,-1.4,,,,,,
Linn,082,15,,626.0,659.0,48.72,539.0,686.0,44.0,-4.72,True,Virnig,4.7,,,,,,
Linn,083,17,9,13.0,20.0,39.39,10.0,21.0,,,False,Beem,,10.0,21.0,32.26,-7.13,Ashland,6.1
Linn,084,11,,702.0,1202.0,36.87,,,,,False,,,,,,,,
Linn,085,15,,274.0,639.0,30.01,204.0,681.0,23.05,-6.96,True,Virnig,3.1,,,,,,
Tillamook,TILLAMOOK #2,32,,163.0,167.0,49.39,143.0,178.0,44.55,-4.84,True,Davis,2.7,,,,,,
Tillamook,CLOVERDALE,32,,123.0,197.0,38.44,96.0,209.0,31.48,-6.96,True,Davis,4.7,,,,,,
Tillamook,TILLAMOOK #3,32,,138.0,161.0,46.15,124.0,169.0,42.32,-3.83,True,Davis,2.0,,,,,,
Tillamook,TILLAMOOK #1,32,,184.0,225.0,44.99,174.0,234.0,42.65,-2.34,True,Davis,0.2,,,,,,
Tillamook,NETARTS,32,,447.0,335.0,57.16,416.0,358.0,53.75,-3.41,True,Davis,1.0,,,,,,
Tillamook,OCEANSIDE,32,,198.0,87.0,69.47,178.0,113.0,61.17,-8.3,True,Davis,-2.1,,,,,,
Tillamook,UNION,32,,576.0,448.0,56.25,517.0,501.0,50.79,-5.46,True,Davis,0.6,,,,,,
Tillamook,SOUTH PRAIRIE EAST,32,,77.0,332.0,18.83,71.0,330.0,17.71,-1.12,True,Davis,2.0,,,,,,
Tillamook,KILCHIS,32,,166.0,315.0,34.51,149.0,328.0,31.24,-3.27,True,Davis,0.8,,,,,,
Tillamook,ROCKAWAY,32,,670.0,495.0,57.51,584.0,563.0,50.92,-6.59,True,Davis,1.5,,,,,,
Tillamook,MAPLELEAF,32,,138.0,319.0,30.2,114.0,340.0,25.11,-5.09,True,Davis,0.7,,,,,,
Tillamook,BAY,32,,489.0,489.0,50.0,445.0,532.0,45.55,-4.45,True,Davis,0.1,,,,,,
Tillamook,GARIBALDI,32,,364.0,369.0,49.66,334.0,393.0,45.94,-3.72,True,Davis,0.8,,,,,,
Tillamook,WHEELER,32,,284.0,119.0,70.47,255.0,140.0,64.56,-5.91,True,Davis,2.0,,,,,,
Tillamook,TILLAMOOK #4,32,,145.0,190.0,43.28,118.0,208.0,36.2,-7.08,True,Davis,2.7,,,,,,
Tillamook,TRASK,32,,70.0,140.0,33.33,70.0,139.0,33.49,0.16,True,Davis,0.5,,,,,,
Tillamook,SOUTH PRAIRIE WEST,32,,115.0,322.0,26.32,102.0,329.0,23.67,-2.65,True,Davis,1.4,,,,,,
Tillamook,EASTSIDE,32,,62.0,93.0,40.0,55.0,98.0,35.95,-4.05,True,Davis,1.3,,,,,,
Tillamook,TILLAMOOK #5,32,,133.0,176.0,43.04,121.0,190.0,38.91,-4.13,True,Davis,-0.6,,,,,,
Tillamook,TILLAMOOK #6,32,,115.0,176.0,39.52,94.0,191.0,32.98,-6.54,True,Davis,2.1,,,,,,
Tillamook,WESTSIDE,32,,146.0,121.0,54.68,126.0,133.0,48.65,-6.03,True,Davis,3.0,,,,,,
Tillamook,PINE GROVE,32,,1174.0,371.0,75.99,1103.0,419.0,72.47,-3.52,True,Davis,1.5,,,,,,
Tillamook,BEAVER,32,,209.0,453.0,31.57,183.0,472.0,27.94,-3.63,True,Davis,1.1,,,,,,
Tillamook,CARNAHAN,32,,104.0,264.0,28.26,90.0,272.0,24.86,-3.4,True,Davis,1.6,,,,,,
Tillamook,FOLEY,32,,227.0,240.0,48.61,213.0,247.0,46.3,-2.31,True,Davis,1.5,,,,,,
Tillamook,FAIRVIEW,32,,428.0,749.0,36.36,352.0,802.0,30.5,-5.86,True,Davis,2.0,,,,,,
Tillamook,HEBO,32,,131.0,231.0,36.19,122.0,235.0,34.17,-2.02,True,Davis,1.4,,,,,,
Tillamook,NESKOWIN,32,,370.0,227.0,61.98,348.0,257.0,57.52,-4.46,True,Davis,-1.3,,,,,,
Tillamook,NEHALEM,32,,301.0,160.0,65.29,291.0,170.0,63.12,-2.17,True,Davis,0.0,,,,,,
Coos,01,9,5,469,998,31.97,377,1035,26.7,-5.27,True,Mrkvicka,3.7,401,1018,28.26,-3.71,Beaudreau,3.3
Coos,02,9,5,1027,1733,37.21,765,1902,28.68,-8.53,True,Mrkvicka,3.4,842,1863,31.13,-6.08,Beaudreau,2.0
Coos,03,9,5,1227,1624,43.04,938,1871,33.39,-9.65,True,Mrkvicka,1.5,1045,1775,37.06,-5.98,Beaudreau,1.1
Coos,04,9,5,1069,1031,50.9,870,1139,43.31,-7.59,True,Mrkvicka,4.3,953,1074,47.02,-3.88,Beaudreau,3.5
Coos,05,9,5,1515,1803,45.66,1273,1944,39.57,-6.09,True,Mrkvicka,3.0,1344,1916,41.23,-4.43,Beaudreau,1.7
Coos,06,9,5,986,981,50.13,805,1093,42.41,-7.72,True,Mrkvicka,3.5,862,1055,44.97,-5.16,Beaudreau,2.5
Coos,07,9,5,1078,1178,47.78,908,1268,41.73,-6.05,True,Mrkvicka,3.5,968,1246,43.72,-4.06,Beaudreau,1.9
Coos,08,9,5,1186,2058,36.56,1009,2157,31.87,-4.69,True,Mrkvicka,2.4,1075,2085,34.02,-2.54,Beaudreau,2.6
Coos,09,9,5,166,156,51.55,141,166,45.93,-5.62,True,Mrkvicka,4.7,152,158,49.03,-2.52,Beaudreau,3.7
Coos,10,1,1,739,1558,32.17,646,1592,28.87,-3.3,True,Cecil,2.6,595,1623,26.83,-5.34,Preciado-McAlister,3.4
Coos,11,1,1,513,1335,27.76,473,1328,26.26,-1.5,True,Cecil,2.5,413,1382,23.01,-4.75,Preciado-McAlister,2.9
Coos,12,1,1,716,1283,35.82,651,1292,33.5,-2.32,True,Cecil,2.8,591,1345,30.53,-5.29,Preciado-McAlister,3.2
Coos,13,1,1,371,854,30.29,336,888,27.45,-2.84,True,Cecil,0.1,307,902,25.39,-4.9,Preciado-McAlister,1.3
Coos,14,1,1,334,1296,20.49,304,1271,19.3,-1.19,True,Cecil,3.4,282,1271,18.16,-2.33,Preciado-McAlister,4.7
Coos,15,1,1,128,347,26.95,111,349,24.13,-2.82,True,Cecil,3.2,107,346,23.62,-3.33,Preciado-McAlister,4.6
Coos,16,1,1,1056,937,52.99,979,970,50.23,-2.76,True,Cecil,2.2,917,1030,47.1,-5.89,Preciado-McAlister,2.3
Coos,17,1,1,1023,1459,41.22,917,1500,37.94,-3.28,True,Cecil,2.6,864,1542,35.91,-5.31,Preciado-McAlister,3.1
Coos,18,1,1,128,218,36.99,109,223,32.83,-4.16,True,Cecil,4.0,99,236,29.55,-7.44,Preciado-McAlister,3.2
Curry,2,1,1,165.0,318.0,34.16,148.0,330.0,30.96,-3.2,True,Cecil,1.0,145,337,30.08,-4.08,Preciado-McAlister,0.2
Curry,3,1,1,190.0,201.0,48.59,189.0,208.0,47.61,-0.98,True,Cecil,-1.5,174,224,43.72,-4.87,Preciado-McAlister,-1.8
Curry,4,1,1,64.0,140.0,31.37,59.0,146.0,28.78,-2.59,True,Cecil,-0.5,50,144,25.77,-5.6,Preciado-McAlister,4.9
Curry,5,1,1,346.0,284.0,54.92,346.0,293.0,54.15,-0.77,True,Cecil,-1.4,323,314,50.71,-4.21,Preciado-McAlister,-1.1
Curry,1,1,1,45.0,53.0,45.92,35.0,59.0,37.23,-8.69,True,Cecil,4.1,40,54,42.55,-3.37,Preciado-McAlister,4.1
Curry,8,1,1,193.0,289.0,40.04,173.0,302.0,36.42,-3.62,True,Cecil,1.5,161,311,34.11,-5.93,Preciado-McAlister,2.1
Curry,9,1,1,310.0,486.0,38.94,283.0,501.0,36.1,-2.84,True,Cecil,1.5,258,522,33.08,-5.86,Preciado-McAlister,2.0
Curry,20,1,1,133.0,226.0,37.05,114.0,234.0,32.76,-4.29,True,Cecil,3.1,104,234,30.77,-6.28,Preciado-McAlister,5.8
Curry,12,1,1,88.0,132.0,40.0,80.0,143.0,35.87,-4.13,True,Cecil,-1.4,78,142,35.45,-4.55,Preciado-McAlister,0.0
Curry,27,1,1,109.0,207.0,34.49,103.0,209.0,33.01,-1.48,True,Cecil,1.3,94,214,30.52,-3.97,Preciado-McAlister,2.5
Curry,13,1,1,82.0,160.0,33.88,73.0,162.0,31.06,-2.82,True,Cecil,2.9,70,166,29.66,-4.22,Preciado-McAlister,2.5
Curry,19,1,1,216.0,457.0,32.1,206.0,457.0,31.07,-1.03,True,Cecil,1.5,193,465,29.33,-2.77,Preciado-McAlister,2.2
Curry,26,1,1,327.0,466.0,41.24,303.0,476.0,38.9,-2.34,True,Cecil,1.8,290,483,37.52,-3.72,Preciado-McAlister,2.5
Curry,6,1,1,298.0,190.0,61.07,283.0,194.0,59.33,-1.74,True,Cecil,2.3,270,209,56.37,-4.7,Preciado-McAlister,1.8
Curry,7,1,1,164.0,87.0,65.34,164.0,87.0,65.34,0.0,True,Cecil,0.0,150,102,59.52,-5.82,Preciado-McAlister,-0.4
Curry,11,1,1,318.0,437.0,42.12,287.0,458.0,38.52,-3.6,True,Cecil,1.3,265,474,35.86,-6.26,Preciado-McAlister,2.1
Curry,10,1,1,218.0,279.0,43.86,208.0,288.0,41.94,-1.92,True,Cecil,0.2,193,301,39.07,-4.79,Preciado-McAlister,0.6
Curry,17,1,1,644.0,879.0,42.28,594.0,902.0,39.71,-2.57,True,Cecil,1.8,547,944,36.69,-5.59,Preciado-McAlister,2.1
Curry,15,1,1,174.0,253.0,40.75,162.0,253.0,39.04,-1.71,True,Cecil,2.8,142,269,34.55,-6.2,Preciado-McAlister,3.7
Curry,21,1,1,109.0,171.0,38.93,93.0,181.0,33.94,-4.99,True,Cecil,2.1,84,181,31.7,-7.23,Preciado-McAlister,5.4
Curry,16,1,1,474.0,736.0,39.17,442.0,751.0,37.05,-2.12,True,Cecil,1.4,426,769,35.65,-3.52,Preciado-McAlister,1.2
Curry,22,1,1,183.0,269.0,40.49,176.0,262.0,40.18,-0.31,True,Cecil,3.1,167,269,38.3,-2.19,Preciado-McAlister,3.5
Curry,24,1,1,221.0,287.0,43.5,201.0,295.0,40.52,-2.98,True,Cecil,2.4,189,302,38.49,-5.01,Preciado-McAlister,3.3
Curry,18,1,1,169.0,241.0,41.22,152.0,247.0,38.1,-3.12,True,Cecil,2.7,142,250,36.22,-5.0,Preciado-McAlister,4.4
Curry,14,1,1,98.0,220.0,30.82,93.0,223.0,29.43,-1.39,True,Cecil,0.6,91,229,28.44,-2.38,Preciado-McAlister,-0.6
Curry,23,1,1,186.0,244.0,43.26,165.0,264.0,38.46,-4.8,True,Cecil,0.2,158,271,36.83,-6.43,Preciado-McAlister,0.2
Curry,25,1,1,213.0,288.0,42.51,202.0,284.0,41.56,-0.95,True,Cecil,3.0,193,294,39.63,-2.88,Preciado-McAlister,2.8
Josephine,1,3,2,1498,1910,43.96,1162,1937,37.5,-6.46,True,Seligman,9.1,1455,1870,43.76,-0.2,Thompson,2.4
Josephine,2,3,2,1693,3112,35.23,1340,3088,30.26,-4.97,True,Seligman,7.8,1598,3004,34.72,-0.51,Thompson,4.2
Josephine,3,3,2,616,886,41.01,486,893,35.24,-5.77,True,Seligman,8.2,595,859,40.92,-0.09,Thompson,3.2
Josephine,4,3,2,525,647,44.8,419,650,39.2,-5.6,True,Seligman,8.8,495,636,43.77,-1.03,Thompson,3.5
Josephine,5,3,2,568,854,39.94,475,836,36.23,-3.71,True,Seligman,7.8,554,810,40.62,0.68,Thompson,4.1
Josephine,6,3,2,316,567,35.79,238,556,29.97,-5.82,True,Seligman,10.1,287,552,34.21,-1.58,Thompson,5.0
Josephine,7,3,2,791,1147,40.82,662,1122,37.11,-3.71,True,Seligman,7.9,758,1104,40.71,-0.11,Thompson,3.9
Josephine,8,3,2,1101,1895,36.75,870,1895,31.46,-5.29,True,Seligman,7.7,1030,1853,35.73,-1.02,Thompson,3.8
Josephine,9,3,2,40,87,31.5,36,83,30.25,-1.25,True,Seligman,6.3,43,85,33.59,2.09,Thompson,-0.8
Josephine,10,3,2,80,131,37.91,69,126,35.38,-2.53,True,Seligman,7.6,78,128,37.86,-0.05,Thompson,2.4
Josephine,11,3,2,114,156,42.22,92,170,35.11,-7.11,True,Seligman,3.0,111,162,40.66,-1.56,Thompson,-1.1
Josephine,12,3,2,109,133,45.04,91,139,39.57,-5.47,True,Seligman,5.0,101,142,41.56,-3.48,Thompson,-0.4
Josephine,13,3,2,66,137,32.51,54,137,28.27,-4.24,True,Seligman,5.9,61,141,30.2,-2.31,Thompson,0.5
Josephine,14,3,2,28,61,31.46,31,60,34.07,2.61,True,Seligman,-2.2,31,62,33.33,1.87,Thompson,-4.5
Josephine,15,3,2,334,862,27.93,249,882,22.02,-5.91,True,Seligman,5.4,325,845,27.78,-0.15,Thompson,2.2
Josephine,16,3,2,80,238,25.16,67,241,21.75,-3.41,True,Seligman,3.1,72,242,22.93,-2.23,Thompson,1.3
Josephine,17,3,2,450,829,35.18,360,847,29.83,-5.35,True,Seligman,5.6,423,822,33.98,-1.2,Thompson,2.7
Josephine,18,3,2,444,954,31.76,340,977,25.82,-5.94,True,Seligman,5.8,426,945,31.07,-0.69,Thompson,1.9
Josephine,19,3,2,431,1128,27.65,362,1119,24.44,-3.21,True,Seligman,5.0,423,1084,28.07,0.42,Thompson,3.3
Josephine,20,4,2,78,139,35.94,74,145,33.79,-2.15,True,Chasm,-0.9,74,145,33.79,-2.15,Thompson,-0.9
Josephine,21,4,2,825,1734,32.24,764,1706,30.93,-1.31,True,Chasm,3.5,798,1694,32.02,-0.22,Thompson,2.6
Josephine,22,4,2,303,799,27.5,255,790,24.4,-3.1,True,Chasm,5.2,272,787,25.68,-1.82,Thompson,3.9
Josephine,23,4,2,93,220,29.71,80,218,26.85,-2.86,True,Chasm,4.8,84,223,27.36,-2.35,Thompson,1.9
Josephine,24,3,2,165,383,30.11,124,388,24.22,-5.89,True,Seligman,6.6,156,375,29.38,-0.73,Thompson,3.1
Josephine,25,4,2,313,675,31.68,278,662,29.57,-2.11,True,Chasm,4.9,300,656,31.38,-0.3,Thompson,3.2
Josephine,26,3,2,179,349,33.9,158,358,30.62,-3.28,True,Seligman,2.3,180,353,33.77,-0.13,Thompson,-0.9
Josephine,27,4,2,132,314,29.6,131,297,30.61,1.01,True,Chasm,4.0,137,291,32.01,2.41,Thompson,4.0
Josephine,28,3,2,140,309,31.18,116,303,27.68,-3.5,True,Seligman,6.7,149,295,33.56,2.38,Thompson,1.1
Josephine,29,3,2,9,36,20.0,6,33,15.38,-4.62,False,Seligman,13.3,11,32,25.58,5.58,Thompson,4.4
Josephine,30,3,2,364,598,37.84,283,610,31.69,-6.15,True,Seligman,7.2,347,603,36.53,-1.31,Thompson,1.2
Josephine,31,3,2,1083,1337,44.75,888,1328,40.07,-4.68,True,Seligman,8.4,1082,1328,44.9,0.15,Thompson,0.4
Josephine,32,4,2,67,138,32.68,63,138,31.34,-1.34,True,Chasm,2.0,63,138,31.34,-1.34,Thompson,2.0
Josephine,33,3,2,192,426,31.07,167,429,28.02,-3.05,True,Seligman,3.6,184,418,30.56,-0.51,Thompson,2.6
Josephine,34,3,2,145,182,44.34,106,184,36.55,-7.79,True,Seligman,11.3,142,182,43.83,-0.51,Thompson,0.9
Josephine,35,4,2,216,541,28.53,202,529,27.63,-0.9,True,Chasm,3.4,202,528,27.67,-0.86,Thompson,3.6
Josephine,36,3,2,477,1177,28.84,366,1166,23.89,-4.95,True,Seligman,7.4,469,1146,29.04,0.2,Thompson,2.4
Josephine,37,3,2,365,707,34.05,294,733,28.63,-5.42,True,Seligman,4.2,347,742,31.86,-2.19,Thompson,-1.6
Josephine,38,3,2,751,1655,31.21,607,1644,26.97,-4.24,True,Seligman,6.4,734,1617,31.22,0.01,Thompson,2.3
Josephine,39,4,2,388,854,31.24,354,850,29.4,-1.84,True,Chasm,3.1,368,843,30.39,-0.85,Thompson,2.5
Josephine,40,3,2,330,340,49.25,289,332,46.54,-2.71,True,Seligman,7.3,337,327,50.75,1.5,Thompson,0.9
Josephine,41,4,2,26,76,25.49,24,72,25.0,-0.49,True,Chasm,5.9,28,68,29.17,3.68,Thompson,5.9
Josephine,42,4,2,425,1145,27.07,395,1131,25.88,-1.19,True,Chasm,2.8,419,1112,27.37,0.3,Thompson,2.5
Josephine,43,4,2,331,822,28.71,307,807,27.56,-1.15,True,Chasm,3.4,328,790,29.34,0.63,Thompson,3.0
Josephine,44,3,2,63,102,38.18,50,101,33.11,-5.07,True,Seligman,8.5,63,99,38.89,0.71,Thompson,1.8
Josephine,45,4,2,32,90,26.23,29,93,23.77,-2.46,True,Chasm,0.0,34,91,27.2,0.97,Thompson,-2.5
Josephine,46,3,2,102,164,38.35,92,161,36.36,-1.99,True,Seligman,4.9,92,165,35.8,-2.55,Thompson,3.4
Josephine,47,3,2,50,83,37.59,43,90,32.33,-5.26,True,Seligman,0.0,46,86,34.85,-2.74,Thompson,0.8
Jackson,1,5,3,3021,392,88.51,2972,407,87.96,-0.55,True,Marsh,1.0,0,0,,,,
Jackson,2,5,3,3052,595,83.69,3012,570,84.09,0.4,True,Marsh,1.8,0,0,,,,
Jackson,3,56,28,160,532,23.12,0,560,0.0,-23.12,False,,19.1,148,529,21.86,-1.26,Gutridge,2.2
Jackson,4,4,2,792,1637,32.61,691,1631,29.76,-2.85,True,Chasm,4.4,706,1644,30.04,-2.57,Thompson,3.3
Jackson,5,4,2,1318,2240,37.04,1180,2276,34.14,-2.9,True,Chasm,2.9,1204,2286,34.5,-2.54,Thompson,1.9
Jackson,6,4,2,840,1480,36.21,764,1458,34.38,-1.83,True,Chasm,4.2,777,1474,34.52,-1.69,Thompson,3.0
Jackson,7,4,2,493,1031,32.35,419,1058,28.37,-3.98,True,Chasm,3.1,442,1055,29.53,-2.82,Thompson,1.8
Jackson,8,56,28,727,2124,25.5,0,2280,0.0,-25.5,False,,20.0,664,2108,23.95,-1.55,Gutridge,2.8
Jackson,9,4,2,222,448,33.13,202,426,32.17,-0.96,True,Chasm,6.3,205,445,31.54,-1.59,Thompson,3.0
Jackson,10,5,3,1318,903,59.34,1262,951,57.03,-2.31,True,Marsh,0.4,0,0,,,,
Jackson,11,6,3,1604,2385,40.21,1401,2536,35.59,-4.62,True,Caballero,1.3,0,0,,,,
Jackson,12,6,3,1551,1878,45.23,1338,2068,39.28,-5.95,True,Caballero,0.7,0,0,,,,
Jackson,13,6,3,1659,1916,46.41,1355,2193,38.19,-8.22,True,Caballero,0.8,0,0,,,,
Jackson,14,6,3,908,1030,46.85,776,1148,40.33,-6.52,True,Caballero,0.7,0,0,,,,
Jackson,15,6,3,2155,1594,57.48,1945,1798,51.96,-5.52,True,Caballero,0.2,0,0,,,,
Jackson,16,5,3,2285,1896,54.65,2216,1892,53.94,-0.71,True,Marsh,1.7,0,0,,,,
Jackson,17,5,3,1696,2266,42.81,1634,2229,42.3,-0.51,True,Marsh,2.5,0,0,,,,
Jackson,18,6,3,1019,1204,45.84,992,1214,44.97,-0.87,True,Caballero,0.8,0,0,,,,
Jackson,19,6,3,1016,984,50.8,945,997,48.66,-2.14,True,Caballero,2.9,0,0,,,,
Jackson,20,6,3,1421,1696,45.59,1339,1721,43.76,-1.83,True,Caballero,1.8,0,0,,,,
Jackson,21,6,3,749,972,43.52,683,999,40.61,-2.91,True,Caballero,2.3,0,0,,,,
Jackson,22,5,3,1172,957,55.05,1171,944,55.37,0.32,True,Marsh,0.7,0,0,,,,
Jackson,23,4,2,441,806,35.36,402,789,33.75,-1.61,True,Chasm,4.5,419,789,34.69,-0.67,Thompson,3.1
Jackson,24,56,28,534,1219,30.46,0,1290,0.0,-30.46,False,,26.4,472,1209,28.08,-2.38,Gutridge,4.1
Jackson,25,5,3,2267,865,72.38,2262,847,72.76,0.38,True,Marsh,0.7,0,0,,,,
Jackson,26,5,3,2005,952,67.81,1970,962,67.19,-0.62,True,Marsh,0.8,0,0,,,,
Jackson,27,56,28,136,402,25.28,0,428,0.0,-25.28,False,,20.4,130,401,24.48,-0.8,Gutridge,1.3
Jackson,28,56,28,525,1552,25.28,0,1593,0.0,-25.28,False,,23.3,477,1548,23.56,-1.72,Gutridge,2.5
Jackson,29,5,3,408,670,37.85,398,674,37.13,-0.72,True,Marsh,0.6,0,0,,,,
Jackson,30,56,28,59,152,27.96,0,156,0.0,-27.96,False,,26.1,61,152,28.64,0.68,Gutridge,-0.9
Jackson,31,56,28,238,858,21.72,0,877,0.0,-21.72,False,,20.0,230,862,21.06,-0.66,Gutridge,0.4
Jackson,32,5,3,585,908,39.18,579,888,39.47,0.29,True,Marsh,1.7,0,0,,,,
Jackson,33,4,2,818,1163,41.29,745,1213,38.05,-3.24,True,Chasm,1.2,753,1218,38.2,-3.09,Thompson,0.5
Jackson,34,56,28,341,1261,21.29,0,1240,0.0,-21.29,False,,22.6,320,1253,20.34,-0.95,Gutridge,1.8
Jackson,35,5,3,954,1306,42.21,916,1315,41.06,-1.15,True,Marsh,1.3,0,0,,,,
Jackson,36,56,28,1014,2206,31.49,0,2401,0.0,-31.49,False,,25.4,972,2131,31.32,-0.17,Gutridge,3.6
Jackson,37,5,3,721,397,64.49,713,409,63.55,-0.94,True,Marsh,-0.4,0,0,,,,
Jackson,38,56,28,307,643,32.32,0,696,0.0,-32.32,False,,26.7,258,654,28.29,-4.03,Gutridge,4.0
Jackson,39,5,3,1068,1178,47.55,1059,1137,48.22,0.67,True,Marsh,2.2,0,0,,,,
Jackson,40,56,28,447,1284,25.82,0,1308,0.0,-25.82,False,,24.4,386,1282,23.14,-2.68,Gutridge,3.6
Jackson,41,4,2,1210,2811,30.09,1102,2812,28.16,-1.93,True,Chasm,2.7,1112,2832,28.19,-1.9,Thompson,1.9
Jackson,42,4,2,458,1286,26.26,440,1257,25.93,-0.33,True,Chasm,2.7,433,1278,25.31,-0.95,Thompson,1.9
Jackson,43,4,2,521,1133,31.5,462,1141,28.82,-2.68,True,Chasm,3.1,469,1143,29.09,-2.41,Thompson,2.5
Jackson,44,4,2,944,2161,30.4,873,2150,28.88,-1.52,True,Chasm,2.6,888,2167,29.07,-1.33,Thompson,1.6
Jackson,45,5,3,146,196,42.69,158,197,44.51,1.82,True,Marsh,-3.8,0,0,,,,
Jackson,46,5,3,2846,374,88.39,2815,394,87.72,-0.67,True,Marsh,0.3,0,0,,,,
Jackson,47,5,3,2185,327,86.98,2163,337,86.52,-0.46,True,Marsh,0.5,0,0,,,,
Jackson,48,56,28,853,1688,33.57,0,1919,0.0,-33.57,False,,24.5,740,1743,29.8,-3.77,Gutridge,2.3
Jackson,49,6,3,1650,2063,44.44,1515,2122,41.66,-2.78,True,Caballero,2.0,0,0,,,,
Jackson,50,6,3,1206,1722,41.19,1119,1761,38.85,-2.34,True,Caballero,1.6,0,0,,,,
